-- phpMyAdmin SQL Dump
-- version 5.2.1
-- https://www.phpmyadmin.net/
--
-- Host: localhost
-- Generation Time: Jun 23, 2026 at 10:35 PM
-- Server version: 10.4.28-MariaDB
-- PHP Version: 8.2.4

SET SQL_MODE = "NO_AUTO_VALUE_ON_ZERO";
START TRANSACTION;
SET time_zone = "+00:00";


/*!40101 SET @OLD_CHARACTER_SET_CLIENT=@@CHARACTER_SET_CLIENT */;
/*!40101 SET @OLD_CHARACTER_SET_RESULTS=@@CHARACTER_SET_RESULTS */;
/*!40101 SET @OLD_COLLATION_CONNECTION=@@COLLATION_CONNECTION */;
/*!40101 SET NAMES utf8mb4 */;

--
-- Database: `db_cdra`
--

-- --------------------------------------------------------

--
-- Table structure for table `audios_llamadas`
--

CREATE TABLE `audios_llamadas` (
  `id_audio` int(11) NOT NULL,
  `url_audio` varchar(255) NOT NULL,
  `nombre_audio` varchar(200) NOT NULL,
  `fecha_audio` datetime NOT NULL,
  `origen` varchar(40) NOT NULL,
  `destino` varchar(40) NOT NULL,
  `fecha_r_audio` date NOT NULL,
  `tipo_audio` varchar(50) NOT NULL,
  `peso_audio` varchar(200) NOT NULL,
  `operador_audio` varchar(100) NOT NULL
) ENGINE=InnoDB DEFAULT CHARSET=utf8 COLLATE=utf8_unicode_ci;

-- --------------------------------------------------------

--
-- Table structure for table `bitacora`
--

CREATE TABLE `bitacora` (
  `id` int(11) NOT NULL,
  `operacion` varchar(10) DEFAULT NULL,
  `usuario` varchar(40) DEFAULT NULL,
  `host` varchar(30) NOT NULL,
  `modificado` datetime DEFAULT NULL,
  `tabla` varchar(40) NOT NULL
) ENGINE=InnoDB DEFAULT CHARSET=latin1 COLLATE=latin1_swedish_ci;

-- --------------------------------------------------------

--
-- Table structure for table `bloqueo_ataques`
--

CREATE TABLE `bloqueo_ataques` (
  `id_bloqueo` int(11) NOT NULL,
  `fecha_bloqueo` datetime NOT NULL,
  `ip_bloqueo` varchar(200) NOT NULL,
  `tipo_bloqueo` varchar(200) NOT NULL,
  `fecha_r` date NOT NULL
) ENGINE=InnoDB DEFAULT CHARSET=utf8 COLLATE=utf8_unicode_ci;

-- --------------------------------------------------------

--
-- Table structure for table `bloqueo_pais`
--

CREATE TABLE `bloqueo_pais` (
  `id_bloqueo_pais` int(11) NOT NULL,
  `id_pais` int(11) NOT NULL,
  `total_bloqueo` int(11) NOT NULL,
  `iso3` varchar(50) NOT NULL
) ENGINE=InnoDB DEFAULT CHARSET=utf8 COLLATE=utf8_unicode_ci;

--
-- Dumping data for table `bloqueo_pais`
--

INSERT INTO `bloqueo_pais` (`id_bloqueo_pais`, `id_pais`, `total_bloqueo`, `iso3`) VALUES
(1, 1, 0, ''),
(2, 2, 0, ''),
(3, 3, 0, ''),
(4, 4, 0, ''),
(5, 5, 0, ''),
(6, 6, 0, ''),
(7, 7, 0, ''),
(8, 8, 0, ''),
(9, 9, 0, ''),
(10, 10, 0, ''),
(11, 11, 0, ''),
(12, 12, 0, ''),
(13, 13, 0, ''),
(14, 14, 0, ''),
(15, 15, 0, ''),
(16, 16, 0, ''),
(17, 17, 0, ''),
(18, 18, 0, ''),
(19, 19, 0, ''),
(20, 20, 0, ''),
(21, 21, 0, ''),
(22, 22, 0, ''),
(23, 23, 0, ''),
(24, 24, 0, ''),
(25, 25, 0, ''),
(26, 26, 0, ''),
(27, 27, 0, ''),
(28, 28, 0, ''),
(29, 29, 0, ''),
(30, 30, 0, ''),
(31, 31, 0, ''),
(32, 32, 0, ''),
(33, 33, 0, ''),
(34, 34, 0, ''),
(35, 35, 0, ''),
(36, 36, 0, ''),
(37, 37, 0, ''),
(38, 38, 0, ''),
(39, 39, 0, ''),
(40, 40, 0, ''),
(41, 41, 0, ''),
(42, 42, 0, ''),
(43, 43, 0, ''),
(44, 44, 0, ''),
(45, 45, 0, ''),
(46, 46, 0, ''),
(47, 47, 0, ''),
(48, 48, 0, ''),
(49, 49, 0, ''),
(50, 50, 0, ''),
(51, 51, 0, ''),
(52, 52, 0, ''),
(53, 53, 0, ''),
(54, 54, 0, ''),
(55, 55, 0, ''),
(56, 56, 0, ''),
(57, 57, 0, ''),
(58, 58, 0, ''),
(59, 59, 0, ''),
(60, 60, 0, ''),
(61, 61, 0, ''),
(62, 62, 0, ''),
(63, 63, 0, ''),
(64, 64, 0, ''),
(65, 65, 0, ''),
(66, 66, 0, ''),
(67, 67, 0, ''),
(68, 68, 0, ''),
(69, 69, 0, ''),
(70, 70, 0, ''),
(71, 71, 0, ''),
(72, 72, 0, ''),
(73, 73, 0, ''),
(74, 74, 0, ''),
(75, 75, 0, ''),
(76, 76, 0, ''),
(77, 77, 0, ''),
(78, 78, 0, ''),
(79, 79, 0, ''),
(80, 80, 0, ''),
(81, 81, 0, ''),
(82, 82, 0, ''),
(83, 83, 0, ''),
(84, 84, 0, ''),
(85, 85, 0, ''),
(86, 86, 0, ''),
(87, 87, 0, ''),
(88, 88, 0, ''),
(89, 89, 0, ''),
(90, 90, 0, ''),
(91, 91, 0, ''),
(92, 92, 0, ''),
(93, 93, 0, ''),
(94, 94, 0, ''),
(95, 95, 0, ''),
(96, 96, 0, ''),
(97, 97, 0, ''),
(98, 98, 0, ''),
(99, 99, 0, ''),
(100, 100, 0, ''),
(101, 101, 0, ''),
(102, 102, 0, ''),
(103, 103, 0, ''),
(104, 104, 0, ''),
(105, 105, 0, ''),
(106, 106, 0, ''),
(107, 107, 0, ''),
(108, 108, 0, ''),
(109, 109, 0, ''),
(110, 110, 0, ''),
(111, 111, 0, ''),
(112, 112, 0, ''),
(113, 113, 0, ''),
(114, 114, 0, ''),
(115, 115, 0, ''),
(116, 116, 0, ''),
(117, 117, 0, ''),
(118, 118, 0, ''),
(119, 119, 0, ''),
(120, 120, 0, ''),
(121, 121, 0, ''),
(122, 122, 0, ''),
(123, 123, 0, ''),
(124, 124, 0, ''),
(125, 125, 0, ''),
(126, 126, 0, ''),
(127, 127, 0, ''),
(128, 128, 0, ''),
(129, 129, 0, ''),
(130, 130, 0, ''),
(131, 131, 0, ''),
(132, 132, 0, ''),
(133, 133, 0, ''),
(134, 134, 0, ''),
(135, 135, 0, ''),
(136, 136, 0, ''),
(137, 137, 0, ''),
(138, 138, 0, ''),
(139, 139, 0, ''),
(140, 140, 0, ''),
(141, 141, 0, ''),
(142, 142, 0, ''),
(143, 143, 0, ''),
(144, 144, 0, ''),
(145, 145, 0, ''),
(146, 146, 0, ''),
(147, 147, 0, ''),
(148, 148, 0, ''),
(149, 149, 0, ''),
(150, 150, 0, ''),
(151, 151, 0, ''),
(152, 152, 0, ''),
(153, 153, 0, ''),
(154, 154, 0, ''),
(155, 155, 0, ''),
(156, 156, 0, ''),
(157, 157, 0, ''),
(158, 158, 0, ''),
(159, 159, 0, ''),
(160, 160, 0, ''),
(161, 161, 0, ''),
(162, 162, 0, ''),
(163, 163, 0, ''),
(164, 164, 0, ''),
(165, 165, 0, ''),
(166, 166, 0, ''),
(167, 167, 0, ''),
(168, 168, 0, ''),
(169, 169, 0, ''),
(170, 170, 0, ''),
(171, 171, 0, ''),
(172, 172, 0, ''),
(173, 173, 0, ''),
(174, 174, 0, ''),
(175, 175, 0, ''),
(176, 176, 0, ''),
(177, 177, 0, ''),
(178, 178, 0, ''),
(179, 179, 0, ''),
(180, 180, 0, ''),
(181, 181, 0, ''),
(182, 182, 0, ''),
(183, 183, 0, ''),
(184, 184, 0, ''),
(185, 185, 0, ''),
(186, 186, 0, ''),
(187, 187, 0, ''),
(188, 188, 0, ''),
(189, 189, 0, ''),
(190, 190, 0, ''),
(191, 191, 0, ''),
(192, 192, 0, ''),
(193, 193, 0, ''),
(194, 194, 0, ''),
(195, 195, 0, ''),
(196, 196, 0, ''),
(197, 197, 0, ''),
(198, 198, 0, ''),
(199, 199, 0, ''),
(200, 200, 0, ''),
(201, 201, 0, ''),
(202, 202, 0, ''),
(203, 203, 0, ''),
(204, 204, 0, ''),
(205, 205, 0, ''),
(206, 206, 0, ''),
(207, 207, 0, ''),
(208, 208, 0, ''),
(209, 209, 0, ''),
(210, 210, 0, ''),
(211, 211, 0, ''),
(212, 212, 0, ''),
(213, 213, 0, ''),
(214, 214, 0, ''),
(215, 215, 0, ''),
(216, 216, 0, ''),
(217, 217, 0, ''),
(218, 218, 0, ''),
(219, 219, 0, ''),
(220, 220, 0, ''),
(221, 221, 0, ''),
(222, 222, 0, ''),
(223, 223, 0, ''),
(224, 224, 0, ''),
(225, 225, 0, ''),
(226, 226, 0, ''),
(227, 227, 0, ''),
(228, 228, 0, ''),
(229, 229, 0, ''),
(230, 230, 0, ''),
(231, 231, 0, ''),
(232, 232, 0, ''),
(233, 233, 0, ''),
(234, 234, 0, ''),
(235, 235, 0, ''),
(236, 236, 0, ''),
(237, 237, 0, ''),
(238, 238, 0, ''),
(239, 239, 0, ''),
(240, 240, 0, ''),
(241, 241, 0, '');

-- --------------------------------------------------------

--
-- Table structure for table `cdr`
--

CREATE TABLE `cdr` (
  `id` bigint(20) NOT NULL,
  `calldate` datetime NOT NULL DEFAULT '0000-00-00 00:00:00',
  `clid` varchar(80) NOT NULL DEFAULT '',
  `src` varchar(80) NOT NULL DEFAULT '',
  `dst` varchar(80) NOT NULL DEFAULT '',
  `dcontext` varchar(80) NOT NULL DEFAULT '',
  `channel` varchar(80) NOT NULL DEFAULT '',
  `dstchannel` varchar(80) NOT NULL DEFAULT '',
  `lastapp` varchar(80) NOT NULL DEFAULT '',
  `lastdata` varchar(80) NOT NULL DEFAULT '',
  `duration` int(11) NOT NULL DEFAULT 0,
  `billsec` int(11) NOT NULL DEFAULT 0,
  `disposition` varchar(45) NOT NULL DEFAULT '',
  `amaflags` int(11) NOT NULL DEFAULT 0,
  `accountcode` varchar(20) NOT NULL DEFAULT '',
  `peeraccount` varchar(20) NOT NULL DEFAULT '',
  `uniqueid` varchar(32) NOT NULL DEFAULT '',
  `linkedid` varchar(80) NOT NULL DEFAULT '',
  `userfield` varchar(255) NOT NULL DEFAULT ''
) ENGINE=InnoDB DEFAULT CHARSET=latin1 COLLATE=latin1_swedish_ci;

-- --------------------------------------------------------

--
-- Table structure for table `cdr_espejo`
--

CREATE TABLE `cdr_espejo` (
  `id_cdr_espejo` int(11) UNSIGNED NOT NULL,
  `id_cdr` int(11) NOT NULL,
  `nombre` varchar(90) NOT NULL,
  `origen` varchar(40) NOT NULL,
  `destino` varchar(40) NOT NULL,
  `estado` varchar(40) NOT NULL,
  `fecha_llamada` date NOT NULL,
  `hora_llamada` time NOT NULL,
  `costo` varchar(40) NOT NULL,
  `duracion` varchar(50) NOT NULL,
  `operador` varchar(50) NOT NULL,
  `transferencia` varchar(100) NOT NULL,
  `pais_origen` varchar(255) NOT NULL,
  `pais_destino` varchar(255) NOT NULL
) ENGINE=InnoDB DEFAULT CHARSET=utf8 COLLATE=utf8_unicode_ci;

-- --------------------------------------------------------

--
-- Table structure for table `codigo_prefijo`
--

CREATE TABLE `codigo_prefijo` (
  `id_prefijo` int(11) NOT NULL,
  `numero_prefijoUno` int(11) NOT NULL,
  `numero_prefijoDos` varchar(10) NOT NULL,
  `pais_prefijo` varchar(100) NOT NULL
) ENGINE=InnoDB DEFAULT CHARSET=utf8 COLLATE=utf8_unicode_ci;

--
-- Dumping data for table `codigo_prefijo`
--

INSERT INTO `codigo_prefijo` (`id_prefijo`, `numero_prefijoUno`, `numero_prefijoDos`, `pais_prefijo`) VALUES
(215, 44, '+44', 'UK'),
(216, 1, '+1', 'USA'),
(217, 213, '+213', 'Algeria'),
(218, 376, '+376', 'Andorra'),
(219, 244, '+244', 'Angola'),
(220, 1264, '+1264', 'Anguilla'),
(221, 1268, '+1268', 'Antigua & Barbuda'),
(222, 54, '+54', 'Argentina'),
(223, 374, '+374', 'Armenia'),
(224, 297, '+297', 'Aruba'),
(225, 61, '+61', 'Australia'),
(226, 43, '+43', 'Austria'),
(227, 994, '+994', 'Azerbaijan'),
(228, 1242, '+1242', 'Bahamas'),
(229, 973, '+973', 'Bahrain'),
(230, 880, '+880', 'Bangladesh'),
(231, 1246, '+1246', 'Barbados'),
(232, 375, '+375', 'Belarus'),
(233, 32, '+32', 'Belgium'),
(234, 501, '+501', 'Belize'),
(235, 229, '+229', 'Benin'),
(236, 1441, '+1441', 'Bermuda'),
(237, 975, '+975', 'Bhutan'),
(238, 591, '+591', 'Bolivia'),
(239, 387, '+387', 'Bosnia Herzegovina'),
(240, 267, '+267', 'Botswana'),
(241, 55, '+55', 'Brazil'),
(242, 673, '+673', 'Brunei'),
(243, 359, '+359', 'Bulgaria'),
(244, 226, '+226', 'Burkina Faso'),
(245, 257, '+257', 'Burundi'),
(246, 855, '+855', 'Cambodia'),
(247, 237, '+237', 'Cameroon'),
(248, 1, '+1', 'Canada'),
(249, 238, '+238', 'Cape Verde Islands'),
(250, 1345, '+1345', 'Cayman Islands'),
(251, 236, '+236', 'Central African Republic'),
(252, 56, '+56', 'Chile'),
(253, 86, '+86', 'China'),
(254, 57, '+57', 'Colombia'),
(255, 269, '+269', 'Comoros'),
(256, 242, '+242', 'Congo'),
(257, 682, '+682', 'Cook Islands'),
(258, 506, '+506', 'Costa Rica'),
(259, 385, '+385', 'Croatia'),
(260, 53, '+53', 'Cuba'),
(261, 90392, '+90392', 'Cyprus North'),
(262, 357, '+357', 'Cyprus South'),
(263, 42, '+42', 'Czech Republic'),
(264, 45, '+45', 'Denmark'),
(265, 253, '+253', 'Djibouti'),
(266, 1809, '+1809', 'Dominica'),
(267, 1809, '+1809', 'Dominican Republic'),
(268, 593, '+593', 'Ecuador'),
(269, 20, '+20', 'Egypt'),
(270, 503, '+503', 'El Salvador'),
(271, 240, '+240', 'Equatorial Guinea'),
(272, 291, '+291', 'Eritrea'),
(273, 372, '+372', 'Estonia'),
(274, 251, '+251', 'Ethiopia'),
(275, 500, '+500', 'Falkland Islands'),
(276, 298, '+298', 'Faroe Islands'),
(277, 679, '+679', 'Fiji'),
(278, 358, '+358', 'Finland'),
(279, 33, '+33', 'France'),
(280, 594, '+594', 'French Guiana'),
(281, 689, '+689', 'French Polynesia'),
(282, 241, '+241', 'Gabon'),
(283, 220, '+220', 'Gambia'),
(284, 7880, '+7880', 'Georgia'),
(285, 49, '+49', 'Germany'),
(286, 233, '+233', 'Ghana'),
(287, 350, '+350', 'Gibraltar'),
(288, 30, '+30', 'Greece'),
(289, 299, '+299', 'Greenland'),
(290, 1473, '+1473', 'Grenada'),
(291, 590, '+590', 'Guadeloupe'),
(292, 671, '+671', 'Guam'),
(293, 502, '+502', 'Guatemala'),
(294, 224, '+224', 'Guinea'),
(295, 245, '+245', 'Guinea - Bissau'),
(296, 592, '+592', 'Guyana'),
(297, 509, '+509', 'Haiti'),
(298, 504, '+504', 'Honduras'),
(299, 852, '+852', 'Hong Kong'),
(300, 36, '+36', 'Hungary'),
(301, 354, '+354', 'Iceland'),
(302, 91, '+91', 'India'),
(303, 62, '+62', 'Indonesia'),
(304, 98, '+98', 'Iran'),
(305, 964, '+964', 'Iraq'),
(306, 353, '+353', 'Ireland'),
(307, 972, '+972', 'Israel'),
(308, 39, '+39', 'Italy'),
(309, 1876, '+1876', 'Jamaica'),
(310, 81, '+81', 'Japan'),
(311, 962, '+962', 'Jordan'),
(312, 7, '+7', 'Kazakhstan'),
(313, 254, '+254', 'Kenya'),
(314, 686, '+686', 'Kiribati'),
(315, 850, '+850', 'Korea North'),
(316, 82, '+82', 'Korea South'),
(317, 965, '+965', 'Kuwait'),
(318, 996, '+996', 'Kyrgyzstan'),
(319, 856, '+856', 'Laos'),
(320, 371, '+371', 'Latvia'),
(321, 961, '+961', 'Lebanon'),
(322, 266, '+266', 'Lesotho'),
(323, 231, '+231', 'Liberia'),
(324, 218, '+218', 'Libya'),
(325, 417, '+417', 'Liechtenstein'),
(326, 370, '+370', 'Lithuania'),
(327, 352, '+352', 'Luxembourg'),
(328, 853, '+853', 'Macao'),
(329, 389, '+389', 'Macedonia'),
(330, 261, '+261', 'Madagascar'),
(331, 265, '+265', 'Malawi'),
(332, 60, '+60', 'Malaysia'),
(333, 960, '+960', 'Maldives'),
(334, 223, '+223', 'Mali'),
(335, 356, '+356', 'Malta'),
(336, 692, '+692', 'Marshall Islands'),
(337, 596, '+596', 'Martinique'),
(338, 222, '+222', 'Mauritania'),
(339, 269, '+269', 'Mayotte'),
(340, 52, '+52', 'Mexico'),
(341, 691, '+691', 'Micronesia'),
(342, 373, '+373', 'Moldova'),
(343, 377, '+377', 'Monaco'),
(344, 976, '+976', 'Mongolia'),
(345, 1664, '+1664', 'Montserrat'),
(346, 212, '+212', 'Morocco'),
(347, 258, '+258', 'Mozambique'),
(348, 95, '+95', 'Myanmar'),
(349, 264, '+264', 'Namibia'),
(350, 674, '+674', 'Nauru'),
(351, 977, '+977', 'Nepal'),
(352, 31, '+31', 'Netherlands'),
(353, 687, '+687', 'New Caledonia'),
(354, 64, '+64', 'New Zealand'),
(355, 505, '+505', 'Nicaragua'),
(356, 227, '+227', 'Niger'),
(357, 234, '+234', 'Nigeria'),
(358, 683, '+683', 'Niue'),
(359, 672, '+672', 'Norfolk Islands'),
(360, 670, '+670', 'Northern Marianas'),
(361, 47, '+47', 'Norway'),
(362, 968, '+968', 'Oman'),
(363, 680, '+680', 'Palau'),
(364, 507, '+507', 'Panama'),
(365, 675, '+675', 'Papua New Guinea'),
(366, 595, '+595', 'Paraguay'),
(367, 51, '+51', 'Peru'),
(368, 63, '+63', 'Philippines'),
(369, 48, '+48', 'Poland'),
(370, 351, '+351', 'Portugal'),
(371, 1787, '+1787', 'Puerto Rico'),
(372, 974, '+974', 'Qatar'),
(373, 262, '+262', 'Reunion'),
(374, 40, '+40', 'Romania'),
(375, 7, '+7', 'Russia'),
(376, 250, '+250', 'Rwanda'),
(377, 378, '+378', 'San Marino'),
(378, 239, '+239', 'Sao Tome & Principe'),
(379, 966, '+966', 'Saudi Arabia'),
(380, 221, '+221', 'Senegal'),
(381, 381, '+381', 'Serbia'),
(382, 248, '+248', 'Seychelles'),
(383, 232, '+232', 'Sierra Leone'),
(384, 65, '+65', 'Singapore'),
(385, 421, '+421', 'Slovak Republic'),
(386, 386, '+386', 'Slovenia'),
(387, 677, '+677', 'Solomon Islands'),
(388, 252, '+252', 'Somalia'),
(389, 27, '+27', 'South Africa'),
(390, 34, '+34', 'Spain'),
(391, 94, '+94', 'Sri Lanka'),
(392, 290, '+290', 'St. Helena'),
(393, 1869, '+1869', 'St. Kitts'),
(394, 1758, '+1758', 'St. Lucia'),
(395, 249, '+249', 'Sudan'),
(396, 597, '+597', 'Suriname'),
(397, 268, '+268', 'Swaziland'),
(398, 46, '+46', 'Sweden'),
(399, 41, '+41', 'Switzerland'),
(400, 963, '+963', 'Syria'),
(401, 886, '+886', 'Taiwan'),
(402, 7, '+7', 'Tajikstan'),
(403, 66, '+66', 'Thailand'),
(404, 228, '+228', 'Togo'),
(405, 676, '+676', 'Tonga'),
(406, 1868, '+1868', 'Trinidad & Tobago'),
(407, 216, '+216', 'Tunisia'),
(408, 90, '+90', 'Turkey'),
(409, 7, '+7', 'Turkmenistan'),
(410, 993, '+993', 'Turkmenistan'),
(411, 1649, '+1649', 'Turks & Caicos Islands'),
(412, 688, '+688', 'Tuvalu'),
(413, 256, '+256', 'Uganda'),
(414, 380, '+380', 'Ukraine'),
(415, 971, '+971', 'United Arab Emirates'),
(416, 598, '+598', 'Uruguay'),
(417, 7, '+7', 'Uzbekistan'),
(418, 678, '+678', 'Vanuatu'),
(419, 379, '+379', 'Vatican City'),
(420, 58, '+58', 'Venezuela'),
(421, 84, '+84', 'Vietnam'),
(422, 84, '+84', 'Virgin Islands - British'),
(423, 84, '+84', 'Virgin Islands - US'),
(424, 681, '+681', 'Wallis & Futuna'),
(425, 969, '+969', 'Yemen (North)'),
(426, 967, '+967', 'Yemen (South)'),
(427, 260, '+260', 'Zambia'),
(428, 263, '+263', 'Zimbabwe');

-- --------------------------------------------------------

--
-- Table structure for table `costo`
--

CREATE TABLE `costo` (
  `id_costo` int(11) NOT NULL,
  `costo` float NOT NULL,
  `costo_venta` float NOT NULL,
  `operador` varchar(50) NOT NULL
) ENGINE=InnoDB DEFAULT CHARSET=utf8 COLLATE=utf8_unicode_ci;

--
-- Dumping data for table `costo`
--

INSERT INTO `costo` (`id_costo`, `costo`, `costo_venta`, `operador`) VALUES
(1, 1, 0, 'Claro'),
(2, 2, 0, 'Tigo'),
(3, 3, 0, 'Cootel'),
(4, 4, 0, 'Convencional');

-- --------------------------------------------------------

--
-- Table structure for table `detalle_mensaje`
--

CREATE TABLE `detalle_mensaje` (
  `id_detalle_mensaje` int(11) NOT NULL,
  `mensaje` text NOT NULL,
  `archivo` varchar(500) NOT NULL,
  `de` int(11) NOT NULL,
  `time` date NOT NULL,
  `id_mensaje` int(11) NOT NULL,
  `estado` int(11) NOT NULL
) ENGINE=InnoDB DEFAULT CHARSET=utf8 COLLATE=utf8_unicode_ci;

-- --------------------------------------------------------

--
-- Table structure for table `estadistica_llamadas`
--

CREATE TABLE `estadistica_llamadas` (
  `id_estadistica` int(11) NOT NULL,
  `total_claro` int(11) NOT NULL,
  `total_movistar` int(11) NOT NULL,
  `total_cootel` int(11) NOT NULL,
  `total_convencional` int(11) NOT NULL,
  `total_entrante` int(11) NOT NULL,
  `total_saliente` int(11) NOT NULL
) ENGINE=InnoDB DEFAULT CHARSET=utf8mb4 COLLATE=utf8mb4_general_ci;

--
-- Dumping data for table `estadistica_llamadas`
--

INSERT INTO `estadistica_llamadas` (`id_estadistica`, `total_claro`, `total_movistar`, `total_cootel`, `total_convencional`, `total_entrante`, `total_saliente`) VALUES
(1, 0, 0, 0, 0, 0, 0);

-- --------------------------------------------------------

--
-- Table structure for table `grafica_bloqueo`
--

CREATE TABLE `grafica_bloqueo` (
  `id_grafica_bloqueo` int(11) NOT NULL,
  `fecha_bloqueo` date NOT NULL,
  `ssh` int(11) NOT NULL,
  `asterisk` int(11) NOT NULL
) ENGINE=InnoDB DEFAULT CHARSET=utf8 COLLATE=utf8_unicode_ci;

-- --------------------------------------------------------

--
-- Table structure for table `grafica_principal`
--

CREATE TABLE `grafica_principal` (
  `id_grafica` int(11) NOT NULL,
  `fecha_llamada` date NOT NULL,
  `total_claro` int(11) NOT NULL,
  `total_tigo` int(11) NOT NULL,
  `total_cootel` int(11) NOT NULL,
  `total_convencional` int(11) NOT NULL
) ENGINE=InnoDB DEFAULT CHARSET=utf8mb4 COLLATE=utf8mb4_general_ci;

-- --------------------------------------------------------

--
-- Table structure for table `lista_extencion`
--

CREATE TABLE `lista_extencion` (
  `id_extencion` int(11) NOT NULL,
  `data_json` text NOT NULL
) ENGINE=InnoDB DEFAULT CHARSET=utf8mb4 COLLATE=utf8mb4_general_ci;

--
-- Dumping data for table `lista_extencion`
--

INSERT INTO `lista_extencion` (`id_extencion`, `data_json`) VALUES
(1, '');

-- --------------------------------------------------------

--
-- Table structure for table `mensaje`
--

CREATE TABLE `mensaje` (
  `id_mensaje` int(11) NOT NULL,
  `de` int(11) NOT NULL,
  `para` int(11) NOT NULL,
  `time` date NOT NULL
) ENGINE=InnoDB DEFAULT CHARSET=utf8 COLLATE=utf8_unicode_ci;

-- --------------------------------------------------------

--
-- Table structure for table `opcion_audio`
--

CREATE TABLE `opcion_audio` (
  `id_opcion` int(11) NOT NULL,
  `opcion` varchar(10) NOT NULL
) ENGINE=InnoDB DEFAULT CHARSET=utf8mb4 COLLATE=utf8mb4_general_ci;

--
-- Dumping data for table `opcion_audio`
--

INSERT INTO `opcion_audio` (`id_opcion`, `opcion`) VALUES
(1, 'si');

-- --------------------------------------------------------

--
-- Table structure for table `paises`
--

CREATE TABLE `paises` (
  `id_pais` int(11) NOT NULL,
  `iso` varchar(50) NOT NULL,
  `nombre` varchar(200) NOT NULL
) ENGINE=InnoDB DEFAULT CHARSET=utf8 COLLATE=utf8_unicode_ci;

--
-- Dumping data for table `paises`
--

INSERT INTO `paises` (`id_pais`, `iso`, `nombre`) VALUES
(1, 'AF', 'Afganistán'),
(2, 'AX', 'Islas Gland'),
(3, 'AL', 'Albania'),
(4, 'DE', 'Alemania'),
(5, 'AD', 'Andorra'),
(6, 'AO', 'Angola'),
(7, 'AI', 'Anguilla'),
(8, 'AQ', 'Antártida'),
(9, 'AG', 'Antigua y Barbuda'),
(10, 'AN', 'Antillas Holandesas'),
(11, 'SA', 'Arabia Saudí'),
(12, 'DZ', 'Argelia'),
(13, 'AR', 'Argentina'),
(14, 'AM', 'Armenia'),
(15, 'AW', 'Aruba'),
(16, 'AU', 'Australia'),
(17, 'AT', 'Austria'),
(18, 'AZ', 'Azerbaiyán'),
(19, 'BS', 'Bahamas'),
(20, 'BH', 'Bahréin'),
(21, 'BD', 'Bangladesh'),
(22, 'BB', 'Barbados'),
(23, 'BY', 'Bielorrusia'),
(24, 'BE', 'Bélgica'),
(25, 'BZ', 'Belice'),
(26, 'BJ', 'Benin'),
(27, 'BM', 'Bermudas'),
(28, 'BT', 'Bhután'),
(29, 'BO', 'Bolivia'),
(30, 'BA', 'Bosnia y Herzegovina'),
(31, 'BW', 'Botsuana'),
(32, 'BV', 'Isla Bouvet'),
(33, 'BR', 'Brasil'),
(34, 'BN', 'Brunéi'),
(35, 'BG', 'Bulgaria'),
(36, 'BF', 'Burkina Faso'),
(37, 'BI', 'Burundi'),
(38, 'CV', 'Cabo Verde'),
(39, 'KY', 'Islas Caimán'),
(40, 'KH', 'Camboya'),
(41, 'CM', 'Camerún'),
(42, 'CA', 'Canadá'),
(43, 'CF', 'República Centroafricana'),
(44, 'TD', 'Chad'),
(45, 'CZ', 'República Checa'),
(46, 'CL', 'Chile'),
(47, 'CN', 'China'),
(48, 'CY', 'Chipre'),
(49, 'CX', 'Isla de Navidad'),
(50, 'VA', 'Ciudad del Vaticano'),
(51, 'CC', 'Islas Cocos'),
(52, 'CO', 'Colombia'),
(53, 'KM', 'Comoras'),
(54, 'CD', 'República Democrática del Congo'),
(55, 'CG', 'Congo'),
(56, 'CK', 'Islas Cook'),
(57, 'KP', 'Corea del Norte'),
(58, 'KR', 'Corea del Sur'),
(59, 'CI', 'Costa de Marfil'),
(60, 'CR', 'Costa Rica'),
(61, 'HR', 'Croacia'),
(62, 'CU', 'Cuba'),
(63, 'DK', 'Dinamarca'),
(64, 'DM', 'Dominica'),
(65, 'DO', 'República Dominicana'),
(66, 'EC', 'Ecuador'),
(67, 'EG', 'Egipto'),
(68, 'SV', 'El Salvador'),
(69, 'AE', 'Emiratos Árabes Unidos'),
(70, 'ER', 'Eritrea'),
(71, 'SK', 'Eslovaquia'),
(72, 'SI', 'Eslovenia'),
(73, 'ES', 'España'),
(74, 'UM', 'Islas ultramarinas de Estados Unidos'),
(75, 'US', 'Estados Unidos'),
(76, 'EE', 'Estonia'),
(77, 'ET', 'Etiopía'),
(78, 'FO', 'Islas Feroe'),
(79, 'PH', 'Filipinas'),
(80, 'FI', 'Finlandia'),
(81, 'FJ', 'Fiyi'),
(82, 'FR', 'Francia'),
(83, 'GA', 'Gabón'),
(84, 'GM', 'Gambia'),
(85, 'GE', 'Georgia'),
(86, 'GS', 'Islas Georgias del Sur y Sandwich del Sur'),
(87, 'GH', 'Ghana'),
(88, 'GI', 'Gibraltar'),
(89, 'GD', 'Granada'),
(90, 'GR', 'Grecia'),
(91, 'GL', 'Groenlandia'),
(92, 'GP', 'Guadalupe'),
(93, 'GU', 'Guam'),
(94, 'GT', 'Guatemala'),
(95, 'GF', 'Guayana Francesa'),
(96, 'GN', 'Guinea'),
(97, 'GQ', 'Guinea Ecuatorial'),
(98, 'GW', 'Guinea-Bissau'),
(99, 'GY', 'Guyana'),
(100, 'HT', 'Haití'),
(101, 'HM', 'Islas Heard y McDonald'),
(102, 'HN', 'Honduras'),
(103, 'HK', 'Hong Kong'),
(104, 'HU', 'Hungría'),
(105, 'IN', 'India'),
(106, 'ID', 'Indonesia'),
(107, 'IR', 'Irán'),
(108, 'IQ', 'Iraq'),
(109, 'IE', 'Irlanda'),
(110, 'IS', 'Islandia'),
(111, 'IL', 'Israel'),
(112, 'IT', 'Italia'),
(113, 'JM', 'Jamaica'),
(114, 'JP', 'Japón'),
(115, 'JO', 'Jordania'),
(116, 'KZ', 'Kazajstán'),
(117, 'KE', 'Kenia'),
(118, 'KG', 'Kirguistán'),
(119, 'KI', 'Kiribati'),
(120, 'KW', 'Kuwait'),
(121, 'LA', 'Laos'),
(122, 'LS', 'Lesotho'),
(123, 'LV', 'Letonia'),
(124, 'LB', 'Líbano'),
(125, 'LR', 'Liberia'),
(126, 'LY', 'Libia'),
(127, 'LI', 'Liechtenstein'),
(128, 'LT', 'Lituania'),
(129, 'LU', 'Luxemburgo'),
(130, 'MO', 'Macao'),
(131, 'MK', 'ARY Macedonia'),
(132, 'MG', 'Madagascar'),
(133, 'MY', 'Malasia'),
(134, 'MW', 'Malawi'),
(135, 'MV', 'Maldivas'),
(136, 'ML', 'Malí'),
(137, 'MT', 'Malta'),
(138, 'FK', 'Islas Malvinas'),
(139, 'MP', 'Islas Marianas del Norte'),
(140, 'MA', 'Marruecos'),
(141, 'MH', 'Islas Marshall'),
(142, 'MQ', 'Martinica'),
(143, 'MU', 'Mauricio'),
(144, 'MR', 'Mauritania'),
(145, 'YT', 'Mayotte'),
(146, 'MX', 'México'),
(147, 'FM', 'Micronesia'),
(148, 'MD', 'Moldavia'),
(149, 'MC', 'Mónaco'),
(150, 'MN', 'Mongolia'),
(151, 'MS', 'Montserrat'),
(152, 'MZ', 'Mozambique'),
(153, 'MM', 'Myanmar'),
(154, 'NA', 'Namibia'),
(155, 'NR', 'Nauru'),
(156, 'NP', 'Nepal'),
(157, 'NI', 'Nicaragua'),
(158, 'NE', 'Níger'),
(159, 'NG', 'Nigeria'),
(160, 'NU', 'Niue'),
(161, 'NF', 'Isla Norfolk'),
(162, 'NO', 'Noruega'),
(163, 'NC', 'Nueva Caledonia'),
(164, 'NZ', 'Nueva Zelanda'),
(165, 'OM', 'Omán'),
(166, 'NL', 'Países Bajos'),
(167, 'PK', 'Pakistán'),
(168, 'PW', 'Palau'),
(169, 'PS', 'Palestina'),
(170, 'PA', 'Panamá'),
(171, 'PG', 'Papúa Nueva Guinea'),
(172, 'PY', 'Paraguay'),
(173, 'PE', 'Perú'),
(174, 'PN', 'Islas Pitcairn'),
(175, 'PF', 'Polinesia Francesa'),
(176, 'PL', 'Polonia'),
(177, 'PT', 'Portugal'),
(178, 'PR', 'Puerto Rico'),
(179, 'QA', 'Qatar'),
(180, 'GB', 'Reino Unido'),
(181, 'RE', 'Reunión'),
(182, 'RW', 'Ruanda'),
(183, 'RO', 'Rumania'),
(184, 'RU', 'Rusia'),
(185, 'EH', 'Sahara Occidental'),
(186, 'SB', 'Islas Salomón'),
(187, 'WS', 'Samoa'),
(188, 'AS', 'Samoa Americana'),
(189, 'KN', 'San Cristóbal y Nevis'),
(190, 'SM', 'San Marino'),
(191, 'PM', 'San Pedro y Miquelón'),
(192, 'VC', 'San Vicente y las Granadinas'),
(193, 'SH', 'Santa Helena'),
(194, 'LC', 'Santa Lucía'),
(195, 'ST', 'Santo Tomé y Príncipe'),
(196, 'SN', 'Senegal'),
(197, 'CS', 'Serbia y Montenegro'),
(198, 'SC', 'Seychelles'),
(199, 'SL', 'Sierra Leona'),
(200, 'SG', 'Singapur'),
(201, 'SY', 'Siria'),
(202, 'SO', 'Somalia'),
(203, 'LK', 'Sri Lanka'),
(204, 'SZ', 'Suazilandia'),
(205, 'ZA', 'Sudáfrica'),
(206, 'SD', 'Sudán'),
(207, 'SE', 'Suecia'),
(208, 'CH', 'Suiza'),
(209, 'SR', 'Surinam'),
(210, 'SJ', 'Svalbard y Jan Mayen'),
(211, 'TH', 'Tailandia'),
(212, 'TW', 'Taiwán'),
(213, 'TZ', 'Tanzania'),
(214, 'TJ', 'Tayikistán'),
(215, 'IO', 'Territorio Británico del Océano Índico'),
(216, 'TF', 'Territorios Australes Franceses'),
(217, 'TL', 'Timor Oriental'),
(218, 'TG', 'Togo'),
(219, 'TK', 'Tokelau'),
(220, 'TO', 'Tonga'),
(221, 'TT', 'Trinidad y Tobago'),
(222, 'TN', 'Túnez'),
(223, 'TC', 'Islas Turcas y Caicos'),
(224, 'TM', 'Turkmenistán'),
(225, 'TR', 'Turquía'),
(226, 'TV', 'Tuvalu'),
(227, 'UA', 'Ucrania'),
(228, 'UG', 'Uganda'),
(229, 'UY', 'Uruguay'),
(230, 'UZ', 'Uzbekistán'),
(231, 'VU', 'Vanuatu'),
(232, 'VE', 'Venezuela'),
(233, 'VN', 'Vietnam'),
(234, 'VG', 'Islas Vírgenes Británicas'),
(235, 'VI', 'Islas Vírgenes de los Estados Unidos'),
(236, 'WF', 'Wallis y Futuna'),
(237, 'YE', 'Yemen'),
(238, 'DJ', 'Yibuti'),
(239, 'ZM', 'Zambia'),
(240, 'ZW', 'Zimbabue'),
(241, 'ZZ', 'IP privado');

-- --------------------------------------------------------

--
-- Table structure for table `prefijos`
--

CREATE TABLE `prefijos` (
  `id_prefijo` int(11) NOT NULL,
  `prefijo` varchar(7) NOT NULL,
  `operador` varchar(50) NOT NULL,
  `activo_p` int(11) NOT NULL
) ENGINE=InnoDB DEFAULT CHARSET=utf8 COLLATE=utf8_unicode_ci;

--
-- Dumping data for table `prefijos`
--

INSERT INTO `prefijos` (`id_prefijo`, `prefijo`, `operador`, `activo_p`) VALUES
(1, '7500', 'Tigo', 1),
(2, '7501', 'Tigo', 1),
(3, '7502', 'Tigo', 0),
(4, '7503', 'Tigo', 1),
(5, '7504', 'Tigo', 1),
(6, '7505', 'Tigo', 1),
(7, '7506', 'Tigo', 1),
(8, '7507', 'Tigo', 1),
(9, '7508', 'Tigo', 1),
(10, '7509', 'Tigo', 1),
(11, '7510', 'Tigo', 1),
(12, '7511', 'Tigo', 1),
(13, '7512', 'Tigo', 1),
(14, '7513', 'Tigo', 1),
(15, '7514', 'Tigo', 1),
(16, '7515', 'Tigo', 1),
(17, '7516', 'Tigo', 1),
(18, '7517', 'Tigo', 1),
(19, '7518', 'Tigo', 1),
(20, '7519', 'Tigo', 1),
(21, '7520', 'Tigo', 1),
(22, '7521', 'Tigo', 1),
(23, '7522', 'Tigo', 1),
(24, '7523', 'Tigo', 1),
(25, '7524', 'Tigo', 1),
(26, '7525', 'Tigo', 1),
(27, '7526', 'Tigo', 1),
(28, '7527', 'Tigo', 1),
(29, '7528', 'Tigo', 1),
(30, '7529', 'Tigo', 1),
(31, '7530', 'Tigo', 1),
(32, '7531', 'Tigo', 1),
(33, '7532', 'Tigo', 1),
(34, '7533', 'Tigo', 1),
(35, '7534', 'Tigo', 1),
(36, '7535', 'Tigo', 1),
(37, '7536', 'Tigo', 1),
(38, '7537', 'Tigo', 1),
(39, '7538', 'Tigo', 1),
(40, '7539', 'Tigo', 1),
(41, '7540', 'Tigo', 1),
(42, '7541', 'Tigo', 1),
(43, '7542', 'Tigo', 1),
(44, '7543', 'Tigo', 1),
(45, '7544', 'Tigo', 1),
(46, '7545', 'Tigo', 1),
(47, '7546', 'Tigo', 1),
(48, '7547', 'Tigo', 1),
(49, '7548', 'Tigo', 1),
(50, '7549', 'Tigo', 1),
(51, '7550', 'Tigo', 1),
(52, '7551', 'Tigo', 1),
(53, '7552', 'Tigo', 1),
(54, '7553', 'Tigo', 1),
(55, '7554', 'Tigo', 1),
(56, '7555', 'Tigo', 1),
(57, '7556', 'Tigo', 1),
(58, '7557', 'Tigo', 1),
(59, '7558', 'Tigo', 1),
(60, '7559', 'Tigo', 1),
(61, '7600', 'Tigo', 1),
(62, '7601', 'Tigo', 1),
(63, '7602', 'Tigo', 1),
(64, '7603', 'Tigo', 1),
(65, '7604', 'Tigo', 1),
(66, '7605', 'Tigo', 1),
(67, '7606', 'Tigo', 1),
(68, '7607', 'Tigo', 1),
(69, '7608', 'Tigo', 1),
(70, '7609', 'Tigo', 1),
(71, '7610', 'Tigo', 1),
(72, '7611', 'Tigo', 1),
(73, '7612', 'Tigo', 1),
(74, '7613', 'Tigo', 1),
(75, '7614', 'Tigo', 1),
(76, '7615', 'Tigo', 1),
(77, '7616', 'Tigo', 1),
(78, '7617', 'Tigo', 1),
(79, '7618', 'Tigo', 1),
(80, '7619', 'Tigo', 1),
(81, '7620', 'Tigo', 1),
(82, '7621', 'Tigo', 1),
(83, '7622', 'Tigo', 1),
(84, '7623', 'Tigo', 1),
(85, '7624', 'Tigo', 1),
(86, '7625', 'Tigo', 1),
(87, '7626', 'Tigo', 1),
(88, '7627', 'Tigo', 1),
(89, '7628', 'Tigo', 1),
(90, '7629', 'Tigo', 1),
(91, '7630', 'Tigo', 1),
(92, '7631', 'Tigo', 1),
(93, '7632', 'Tigo', 1),
(94, '7633', 'Tigo', 1),
(95, '7634', 'Tigo', 1),
(96, '7635', 'Tigo', 1),
(97, '7636', 'Tigo', 1),
(98, '7637', 'Tigo', 1),
(99, '7638', 'Tigo', 1),
(100, '7639', 'Tigo', 1),
(101, '7640', 'Tigo', 1),
(102, '7641', 'Tigo', 1),
(103, '7642', 'Tigo', 1),
(104, '7643', 'Tigo', 1),
(105, '7644', 'Tigo', 1),
(106, '7645', 'Tigo', 1),
(107, '7646', 'Tigo', 1),
(108, '7647', 'Tigo', 1),
(109, '7648', 'Tigo', 1),
(110, '7649', 'Tigo', 1),
(111, '7650', 'Tigo', 1),
(112, '7651', 'Tigo', 1),
(113, '7652', 'Tigo', 1),
(114, '7653', 'Tigo', 1),
(115, '7654', 'Tigo', 1),
(116, '7655', 'Tigo', 1),
(117, '7656', 'Tigo', 1),
(118, '7657', 'Tigo', 1),
(119, '7658', 'Tigo', 1),
(120, '7659', 'Tigo', 1),
(121, '7660', 'Tigo', 1),
(122, '7661', 'Tigo', 1),
(123, '7662', 'Tigo', 1),
(124, '7663', 'Tigo', 1),
(125, '7664', 'Tigo', 1),
(126, '7665', 'Tigo', 1),
(127, '7666', 'Tigo', 1),
(128, '7667', 'Tigo', 1),
(129, '7668', 'Tigo', 1),
(130, '7669', 'Tigo', 1),
(131, '7670', 'Tigo', 1),
(132, '7671', 'Tigo', 1),
(133, '7672', 'Tigo', 1),
(134, '7673', 'Tigo', 1),
(135, '7674', 'Tigo', 1),
(136, '7675', 'Tigo', 1),
(137, '7676', 'Tigo', 1),
(138, '7677', 'Tigo', 1),
(139, '7678', 'Tigo', 1),
(140, '7679', 'Tigo', 1),
(141, '7680', 'Tigo', 1),
(142, '7681', 'Tigo', 1),
(143, '7682', 'Tigo', 1),
(144, '7683', 'Tigo', 1),
(145, '7684', 'Tigo', 1),
(146, '7685', 'Tigo', 1),
(147, '7686', 'Tigo', 1),
(148, '7687', 'Tigo', 1),
(149, '7688', 'Tigo', 1),
(150, '7689', 'Tigo', 1),
(151, '7690', 'Tigo', 1),
(152, '7691', 'Tigo', 1),
(153, '7692', 'Tigo', 1),
(154, '7693', 'Tigo', 1),
(155, '7694', 'Tigo', 1),
(156, '7695', 'Tigo', 1),
(157, '7696', 'Tigo', 1),
(158, '7697', 'Tigo', 1),
(159, '7698', 'Tigo', 1),
(160, '7699', 'Tigo', 1),
(161, '7700', 'Tigo', 1),
(162, '7701', 'Tigo', 1),
(163, '7702', 'Tigo', 1),
(164, '7703', 'Tigo', 1),
(165, '7704', 'Tigo', 1),
(166, '7705', 'Tigo', 1),
(167, '7706', 'Tigo', 1),
(168, '7707', 'Tigo', 1),
(169, '7708', 'Tigo', 1),
(170, '7709', 'Tigo', 1),
(171, '7710', 'Tigo', 1),
(172, '7711', 'Tigo', 1),
(173, '7712', 'Tigo', 1),
(174, '7713', 'Tigo', 1),
(175, '7714', 'Tigo', 1),
(176, '7715', 'Tigo', 1),
(177, '7716', 'Tigo', 1),
(178, '7717', 'Tigo', 1),
(179, '7718', 'Tigo', 1),
(180, '7719', 'Tigo', 1),
(181, '7720', 'Tigo', 1),
(182, '7721', 'Tigo', 1),
(183, '7722', 'Tigo', 1),
(184, '7723', 'Tigo', 1),
(185, '7724', 'Tigo', 1),
(186, '7725', 'Tigo', 1),
(187, '7726', 'Tigo', 1),
(188, '7727', 'Tigo', 1),
(189, '7728', 'Tigo', 1),
(190, '7729', 'Tigo', 1),
(191, '7730', 'Tigo', 1),
(192, '7731', 'Tigo', 1),
(193, '7732', 'Tigo', 1),
(194, '7733', 'Tigo', 1),
(195, '7734', 'Tigo', 1),
(196, '7735', 'Tigo', 1),
(197, '7736', 'Tigo', 1),
(198, '7737', 'Tigo', 1),
(199, '7738', 'Tigo', 1),
(200, '7739', 'Tigo', 1),
(201, '7740', 'Tigo', 1),
(202, '7741', 'Tigo', 1),
(203, '7742', 'Tigo', 1),
(204, '7743', 'Tigo', 1),
(205, '7744', 'Tigo', 1),
(206, '7745', 'Tigo', 1),
(207, '7746', 'Tigo', 1),
(208, '7747', 'Tigo', 1),
(209, '7748', 'Tigo', 1),
(210, '7749', 'Tigo', 1),
(211, '7750', 'Tigo', 1),
(212, '7751', 'Tigo', 1),
(213, '7752', 'Tigo', 1),
(214, '7753', 'Tigo', 1),
(215, '7754', 'Tigo', 1),
(216, '7755', 'Tigo', 1),
(217, '7756', 'Tigo', 1),
(218, '7757', 'Tigo', 1),
(219, '7758', 'Tigo', 1),
(220, '7759', 'Tigo', 1),
(221, '7760', 'Tigo', 1),
(222, '7761', 'Tigo', 1),
(223, '7762', 'Tigo', 1),
(224, '7763', 'Tigo', 1),
(225, '7764', 'Tigo', 1),
(226, '7765', 'Tigo', 1),
(227, '7766', 'Tigo', 1),
(228, '7767', 'Tigo', 1),
(229, '7768', 'Tigo', 1),
(230, '7769', 'Tigo', 1),
(231, '7770', 'Tigo', 1),
(232, '7771', 'Tigo', 1),
(233, '7772', 'Tigo', 1),
(234, '7773', 'Tigo', 1),
(235, '7774', 'Tigo', 1),
(236, '7775', 'Tigo', 1),
(237, '7776', 'Tigo', 1),
(238, '7777', 'Tigo', 1),
(239, '7778', 'Tigo', 1),
(240, '7779', 'Tigo', 1),
(241, '7780', 'Tigo', 1),
(242, '7781', 'Tigo', 1),
(243, '7782', 'Tigo', 1),
(244, '7783', 'Tigo', 1),
(245, '7784', 'Tigo', 1),
(246, '7785', 'Tigo', 1),
(247, '7786', 'Tigo', 1),
(248, '7787', 'Tigo', 1),
(249, '7788', 'Tigo', 1),
(250, '7789', 'Tigo', 1),
(251, '7790', 'Tigo', 1),
(252, '7791', 'Tigo', 1),
(253, '7792', 'Tigo', 1),
(254, '7793', 'Tigo', 1),
(255, '7794', 'Tigo', 1),
(256, '7795', 'Tigo', 1),
(257, '7796', 'Tigo', 1),
(258, '7797', 'Tigo', 1),
(259, '7798', 'Tigo', 1),
(260, '7799', 'Tigo', 1),
(261, '7800', 'Tigo', 1),
(262, '7801', 'Tigo', 1),
(263, '7802', 'Tigo', 1),
(264, '7803', 'Tigo', 1),
(265, '7804', 'Tigo', 1),
(266, '7805', 'Tigo', 1),
(267, '7806', 'Tigo', 1),
(268, '7807', 'Tigo', 1),
(269, '7808', 'Tigo', 1),
(270, '7809', 'Tigo', 1),
(271, '7810', 'Tigo', 1),
(272, '7811', 'Tigo', 1),
(273, '7812', 'Tigo', 1),
(274, '7813', 'Tigo', 1),
(275, '7814', 'Tigo', 1),
(276, '7815', 'Tigo', 1),
(277, '7816', 'Tigo', 1),
(278, '7817', 'Tigo', 1),
(279, '7818', 'Tigo', 1),
(280, '7819', 'Tigo', 1),
(281, '7820', 'Tigo', 1),
(282, '7821', 'Tigo', 1),
(283, '7822', 'Tigo', 1),
(284, '7823', 'Tigo', 1),
(285, '7824', 'Tigo', 1),
(286, '7825', 'Tigo', 1),
(287, '7826', 'Tigo', 1),
(288, '7827', 'Tigo', 1),
(289, '7828', 'Tigo', 1),
(290, '7829', 'Tigo', 1),
(291, '7830', 'Tigo', 1),
(292, '7831', 'Tigo', 1),
(293, '7832', 'Tigo', 1),
(294, '7833', 'Tigo', 1),
(295, '7834', 'Tigo', 1),
(296, '7835', 'Tigo', 1),
(297, '7836', 'Tigo', 1),
(298, '7837', 'Tigo', 1),
(299, '7838', 'Tigo', 1),
(300, '7839', 'Tigo', 1),
(301, '7840', 'Tigo', 1),
(302, '7841', 'Tigo', 1),
(303, '7842', 'Tigo', 1),
(304, '7843', 'Tigo', 1),
(305, '7844', 'Tigo', 1),
(306, '7845', 'Tigo', 1),
(307, '7846', 'Tigo', 1),
(308, '7847', 'Tigo', 1),
(309, '7848', 'Tigo', 1),
(310, '7849', 'Tigo', 1),
(311, '7850', 'Tigo', 1),
(312, '7851', 'Tigo', 1),
(313, '7852', 'Tigo', 1),
(314, '7853', 'Tigo', 1),
(315, '7854', 'Tigo', 1),
(316, '7855', 'Tigo', 1),
(317, '7856', 'Tigo', 1),
(318, '7857', 'Tigo', 1),
(319, '7858', 'Tigo', 1),
(320, '7859', 'Tigo', 1),
(321, '7860', 'Tigo', 1),
(322, '7861', 'Tigo', 1),
(323, '7862', 'Tigo', 1),
(324, '7863', 'Tigo', 1),
(325, '7864', 'Tigo', 1),
(326, '7865', 'Tigo', 1),
(327, '7866', 'Tigo', 1),
(328, '7867', 'Tigo', 1),
(329, '7868', 'Tigo', 1),
(330, '7869', 'Tigo', 1),
(331, '7870', 'Tigo', 1),
(332, '7871', 'Tigo', 1),
(333, '7872', 'Tigo', 1),
(334, '7873', 'Tigo', 1),
(335, '7874', 'Tigo', 1),
(336, '7875', 'Tigo', 1),
(337, '7876', 'Tigo', 1),
(338, '7877', 'Tigo', 1),
(339, '7878', 'Tigo', 1),
(340, '7879', 'Tigo', 1),
(341, '7880', 'Tigo', 1),
(342, '7881', 'Tigo', 1),
(343, '7882', 'Tigo', 1),
(344, '7883', 'Tigo', 1),
(345, '7884', 'Tigo', 1),
(346, '7885', 'Tigo', 1),
(347, '7886', 'Tigo', 1),
(348, '7887', 'Tigo', 1),
(349, '7888', 'Tigo', 1),
(350, '7889', 'Tigo', 1),
(351, '7890', 'Tigo', 1),
(352, '7891', 'Tigo', 1),
(353, '7892', 'Tigo', 1),
(354, '7893', 'Tigo', 1),
(355, '7894', 'Tigo', 1),
(356, '7895', 'Tigo', 1),
(357, '7896', 'Tigo', 1),
(358, '7897', 'Tigo', 1),
(359, '7898', 'Tigo', 1),
(360, '7899', 'Tigo', 1),
(361, '8100', 'Tigo', 1),
(362, '8101', 'Tigo', 1),
(363, '8102', 'Tigo', 1),
(364, '8103', 'Tigo', 1),
(365, '8104', 'Tigo', 1),
(366, '8105', 'Tigo', 1),
(367, '8106', 'Tigo', 1),
(368, '8107', 'Tigo', 1),
(369, '8108', 'Tigo', 1),
(370, '8109', 'Tigo', 1),
(371, '8110', 'Tigo', 1),
(372, '8111', 'Tigo', 1),
(373, '8112', 'Tigo', 1),
(374, '8113', 'Tigo', 1),
(375, '8114', 'Tigo', 1),
(376, '8115', 'Tigo', 1),
(377, '8116', 'Tigo', 1),
(378, '8117', 'Tigo', 1),
(379, '8118', 'Tigo', 1),
(380, '8119', 'Tigo', 1),
(381, '8120', 'Tigo', 1),
(382, '8121', 'Tigo', 1),
(383, '8122', 'Tigo', 1),
(384, '8123', 'Tigo', 1),
(385, '8124', 'Tigo', 1),
(386, '8125', 'Tigo', 1),
(387, '8126', 'Tigo', 1),
(388, '8127', 'Tigo', 1),
(389, '8128', 'Tigo', 1),
(390, '8129', 'Tigo', 1),
(391, '8130', 'Tigo', 1),
(392, '8131', 'Tigo', 1),
(393, '8132', 'Tigo', 1),
(394, '8133', 'Tigo', 1),
(395, '8134', 'Tigo', 1),
(396, '8135', 'Tigo', 1),
(397, '8136', 'Tigo', 1),
(398, '8137', 'Tigo', 1),
(399, '8138', 'Tigo', 1),
(400, '8139', 'Tigo', 1),
(401, '8140', 'Tigo', 1),
(402, '8141', 'Tigo', 1),
(403, '8142', 'Tigo', 1),
(404, '8143', 'Tigo', 1),
(405, '8144', 'Tigo', 1),
(406, '8145', 'Tigo', 1),
(407, '8146', 'Tigo', 1),
(408, '8147', 'Tigo', 1),
(409, '8148', 'Tigo', 1),
(410, '8149', 'Tigo', 1),
(411, '8150', 'Tigo', 1),
(412, '8151', 'Tigo', 1),
(413, '8152', 'Tigo', 1),
(414, '8153', 'Tigo', 1),
(415, '8154', 'Tigo', 1),
(416, '8155', 'Tigo', 1),
(417, '8156', 'Tigo', 1),
(418, '8157', 'Tigo', 1),
(419, '8158', 'Tigo', 1),
(420, '8159', 'Tigo', 1),
(421, '8160', 'Tigo', 1),
(422, '8161', 'Tigo', 1),
(423, '8162', 'Tigo', 1),
(424, '8163', 'Tigo', 1),
(425, '8164', 'Tigo', 1),
(426, '8165', 'Tigo', 1),
(427, '8166', 'Tigo', 1),
(428, '8167', 'Tigo', 1),
(429, '8168', 'Tigo', 1),
(430, '8169', 'Tigo', 1),
(431, '8170', 'Tigo', 1),
(432, '8171', 'Tigo', 1),
(433, '8172', 'Tigo', 1),
(434, '8173', 'Tigo', 1),
(435, '8174', 'Tigo', 1),
(436, '8175', 'Tigo', 1),
(437, '8176', 'Tigo', 1),
(438, '8177', 'Tigo', 1),
(439, '8178', 'Tigo', 1),
(440, '8179', 'Tigo', 1),
(441, '8180', 'Tigo', 1),
(442, '8181', 'Tigo', 1),
(443, '8182', 'Tigo', 1),
(444, '8183', 'Tigo', 1),
(445, '8184', 'Tigo', 1),
(446, '8185', 'Tigo', 1),
(447, '8186', 'Tigo', 1),
(448, '8187', 'Tigo', 1),
(449, '8188', 'Tigo', 1),
(450, '8189', 'Tigo', 1),
(451, '8190', 'Tigo', 1),
(452, '8191', 'Tigo', 1),
(453, '8192', 'Tigo', 1),
(454, '8193', 'Tigo', 1),
(455, '8194', 'Tigo', 1),
(456, '8195', 'Tigo', 1),
(457, '8196', 'Tigo', 1),
(458, '8197', 'Tigo', 1),
(459, '8198', 'Tigo', 1),
(460, '8199', 'Tigo', 1),
(461, '8240', 'Tigo', 1),
(462, '8241', 'Tigo', 1),
(463, '8242', 'Tigo', 1),
(464, '8243', 'Tigo', 1),
(465, '8244', 'Tigo', 1),
(466, '8245', 'Tigo', 1),
(467, '8246', 'Tigo', 1),
(468, '8247', 'Tigo', 1),
(469, '8248', 'Tigo', 1),
(470, '8249', 'Tigo', 1),
(471, '8250', 'Tigo', 1),
(472, '8251', 'Tigo', 1),
(473, '8252', 'Tigo', 1),
(474, '8253', 'Tigo', 1),
(475, '8254', 'Tigo', 1),
(476, '8255', 'Tigo', 1),
(477, '8256', 'Tigo', 1),
(478, '8257', 'Tigo', 1),
(479, '8258', 'Tigo', 1),
(480, '8259', 'Tigo', 1),
(481, '8260', 'Tigo', 1),
(482, '8261', 'Tigo', 1),
(483, '8262', 'Tigo', 1),
(484, '8263', 'Tigo', 1),
(485, '8264', 'Tigo', 1),
(486, '8265', 'Tigo', 1),
(487, '8266', 'Tigo', 1),
(488, '8267', 'Tigo', 1),
(489, '8268', 'Tigo', 1),
(490, '8269', 'Tigo', 1),
(491, '8270', 'Tigo', 1),
(492, '8271', 'Tigo', 1),
(493, '8272', 'Tigo', 1),
(494, '8273', 'Tigo', 1),
(495, '8274', 'Tigo', 1),
(496, '8275', 'Tigo', 1),
(497, '8276', 'Tigo', 1),
(498, '8277', 'Tigo', 1),
(499, '8278', 'Tigo', 1),
(500, '8279', 'Tigo', 1),
(501, '8280', 'Tigo', 1),
(502, '8281', 'Tigo', 1),
(503, '8282', 'Tigo', 1),
(504, '8283', 'Tigo', 1),
(505, '8284', 'Tigo', 1),
(506, '8285', 'Tigo', 1),
(507, '8286', 'Tigo', 1),
(508, '8287', 'Tigo', 1),
(509, '8288', 'Tigo', 1),
(510, '8289', 'Tigo', 1),
(511, '8290', 'Tigo', 1),
(512, '8291', 'Tigo', 1),
(513, '8292', 'Tigo', 1),
(514, '8293', 'Tigo', 1),
(515, '8294', 'Tigo', 1),
(516, '8295', 'Tigo', 1),
(517, '8296', 'Tigo', 1),
(518, '8297', 'Tigo', 1),
(519, '8298', 'Tigo', 1),
(520, '8299', 'Tigo', 1),
(521, '8320', 'Tigo', 1),
(522, '8321', 'Tigo', 1),
(523, '8322', 'Tigo', 1),
(524, '8323', 'Tigo', 1),
(525, '8324', 'Tigo', 1),
(526, '8325', 'Tigo', 1),
(527, '8326', 'Tigo', 1),
(528, '8327', 'Tigo', 1),
(529, '8328', 'Tigo', 1),
(530, '8329', 'Tigo', 1),
(531, '8370', 'Tigo', 1),
(532, '8371', 'Tigo', 1),
(533, '8372', 'Tigo', 1),
(534, '8373', 'Tigo', 1),
(535, '8374', 'Tigo', 1),
(536, '8375', 'Tigo', 1),
(537, '8376', 'Tigo', 1),
(538, '8377', 'Tigo', 1),
(539, '8378', 'Tigo', 1),
(540, '8379', 'Tigo', 1),
(541, '8380', 'Tigo', 1),
(542, '8381', 'Tigo', 1),
(543, '8382', 'Tigo', 1),
(544, '8383', 'Tigo', 1),
(545, '8384', 'Tigo', 1),
(546, '8385', 'Tigo', 1),
(547, '8386', 'Tigo', 1),
(548, '8387', 'Tigo', 1),
(549, '8388', 'Tigo', 1),
(550, '8389', 'Tigo', 1),
(551, '8390', 'Tigo', 1),
(552, '8391', 'Tigo', 1),
(553, '8392', 'Tigo', 1),
(554, '8393', 'Tigo', 1),
(555, '8394', 'Tigo', 1),
(556, '8395', 'Tigo', 1),
(557, '8396', 'Tigo', 1),
(558, '8397', 'Tigo', 1),
(559, '8398', 'Tigo', 1),
(560, '8399', 'Tigo', 1),
(561, '8450', 'Tigo', 1),
(562, '8451', 'Tigo', 1),
(563, '8452', 'Tigo', 1),
(564, '8453', 'Tigo', 1),
(565, '8454', 'Tigo', 1),
(566, '8455', 'Tigo', 1),
(567, '8456', 'Tigo', 1),
(568, '8457', 'Tigo', 1),
(569, '8458', 'Tigo', 1),
(570, '8459', 'Tigo', 1),
(571, '8460', 'Tigo', 1),
(572, '8461', 'Tigo', 1),
(573, '8462', 'Tigo', 1),
(574, '8463', 'Tigo', 1),
(575, '8464', 'Tigo', 1),
(576, '8465', 'Tigo', 1),
(577, '8466', 'Tigo', 1),
(578, '8467', 'Tigo', 1),
(579, '8468', 'Tigo', 1),
(580, '8469', 'Tigo', 1),
(581, '8470', 'Tigo', 1),
(582, '8471', 'Tigo', 1),
(583, '8472', 'Tigo', 1),
(584, '8473', 'Tigo', 1),
(585, '8474', 'Tigo', 1),
(586, '8475', 'Tigo', 1),
(587, '8476', 'Tigo', 1),
(588, '8477', 'Tigo', 1),
(589, '8478', 'Tigo', 1),
(590, '8479', 'Tigo', 1),
(591, '8480', 'Tigo', 1),
(592, '8481', 'Tigo', 1),
(593, '8482', 'Tigo', 1),
(594, '8483', 'Tigo', 1),
(595, '8484', 'Tigo', 1),
(596, '8485', 'Tigo', 1),
(597, '8486', 'Tigo', 1),
(598, '8487', 'Tigo', 1),
(599, '8488', 'Tigo', 1),
(600, '8489', 'Tigo', 1),
(601, '8550', 'Tigo', 1),
(602, '8551', 'Tigo', 1),
(603, '8552', 'Tigo', 1),
(604, '8553', 'Tigo', 1),
(605, '8554', 'Tigo', 1),
(606, '8555', 'Tigo', 1),
(607, '8556', 'Tigo', 1),
(608, '8557', 'Tigo', 1),
(609, '8558', 'Tigo', 1),
(610, '8559', 'Tigo', 1),
(611, '8560', 'Tigo', 1),
(612, '8561', 'Tigo', 1),
(613, '8562', 'Tigo', 1),
(614, '8563', 'Tigo', 1),
(615, '8564', 'Tigo', 1),
(616, '8565', 'Tigo', 1),
(617, '8566', 'Tigo', 1),
(618, '8567', 'Tigo', 1),
(619, '8568', 'Tigo', 1),
(620, '8569', 'Tigo', 1),
(621, '8570', 'Tigo', 1),
(622, '8571', 'Tigo', 1),
(623, '8572', 'Tigo', 1),
(624, '8573', 'Tigo', 1),
(625, '8574', 'Tigo', 1),
(626, '8575', 'Tigo', 1),
(627, '8576', 'Tigo', 1),
(628, '8577', 'Tigo', 1),
(629, '8578', 'Tigo', 1),
(630, '8579', 'Tigo', 1),
(631, '8580', 'Tigo', 1),
(632, '8581', 'Tigo', 1),
(633, '8582', 'Tigo', 1),
(634, '8583', 'Tigo', 1),
(635, '8584', 'Tigo', 1),
(636, '8585', 'Tigo', 1),
(637, '8586', 'Tigo', 1),
(638, '8587', 'Tigo', 1),
(639, '8588', 'Tigo', 1),
(640, '8589', 'Tigo', 1),
(641, '8590', 'Tigo', 1),
(642, '8591', 'Tigo', 1),
(643, '8592', 'Tigo', 1),
(644, '8593', 'Tigo', 1),
(645, '8594', 'Tigo', 1),
(646, '8595', 'Tigo', 1),
(647, '8596', 'Tigo', 1),
(648, '8597', 'Tigo', 1),
(649, '8598', 'Tigo', 1),
(650, '8599', 'Tigo', 1),
(651, '8670', 'Tigo', 1),
(652, '8671', 'Tigo', 1),
(653, '8672', 'Tigo', 1),
(654, '8673', 'Tigo', 1),
(655, '8674', 'Tigo', 1),
(656, '8675', 'Tigo', 1),
(657, '8676', 'Tigo', 1),
(658, '8677', 'Tigo', 1),
(659, '8678', 'Tigo', 1),
(660, '8679', 'Tigo', 1),
(661, '8680', 'Tigo', 1),
(662, '8681', 'Tigo', 1),
(663, '8682', 'Tigo', 1),
(664, '8683', 'Tigo', 1),
(665, '8684', 'Tigo', 1),
(666, '8685', 'Tigo', 1),
(667, '8686', 'Tigo', 1),
(668, '8687', 'Tigo', 1),
(669, '8688', 'Tigo', 1),
(670, '8689', 'Tigo', 1),
(671, '8750', 'Tigo', 1),
(672, '8751', 'Tigo', 1),
(673, '8752', 'Tigo', 1),
(674, '8753', 'Tigo', 1),
(675, '8754', 'Tigo', 1),
(676, '8755', 'Tigo', 1),
(677, '8756', 'Tigo', 1),
(678, '8757', 'Tigo', 1),
(679, '8758', 'Tigo', 1),
(680, '8759', 'Tigo', 1),
(681, '8760', 'Tigo', 1),
(682, '8761', 'Tigo', 1),
(683, '8762', 'Tigo', 1),
(684, '8763', 'Tigo', 1),
(685, '8764', 'Tigo', 1),
(686, '8765', 'Tigo', 1),
(687, '8766', 'Tigo', 1),
(688, '8767', 'Tigo', 1),
(689, '8768', 'Tigo', 1),
(690, '8769', 'Tigo', 1),
(691, '8770', 'Tigo', 1),
(692, '8771', 'Tigo', 1),
(693, '8772', 'Tigo', 1),
(694, '8773', 'Tigo', 1),
(695, '8774', 'Tigo', 1),
(696, '8775', 'Tigo', 1),
(697, '8776', 'Tigo', 1),
(698, '8777', 'Tigo', 1),
(699, '8778', 'Tigo', 1),
(700, '8779', 'Tigo', 1),
(701, '8780', 'Tigo', 1),
(702, '8781', 'Tigo', 1),
(703, '8782', 'Tigo', 1),
(704, '8783', 'Tigo', 1),
(705, '8784', 'Tigo', 1),
(706, '8785', 'Tigo', 1),
(707, '8786', 'Tigo', 1),
(708, '8787', 'Tigo', 1),
(709, '8788', 'Tigo', 1),
(710, '8789', 'Tigo', 1),
(711, '8790', 'Tigo', 1),
(712, '8791', 'Tigo', 1),
(713, '8792', 'Tigo', 1),
(714, '8793', 'Tigo', 1),
(715, '8794', 'Tigo', 1),
(716, '8795', 'Tigo', 1),
(717, '8796', 'Tigo', 1),
(718, '8797', 'Tigo', 1),
(719, '8798', 'Tigo', 1),
(720, '8799', 'Tigo', 1),
(721, '8802', 'Tigo', 1),
(722, '8803', 'Tigo', 1),
(723, '8804', 'Tigo', 1),
(724, '8805', 'Tigo', 1),
(725, '8806', 'Tigo', 1),
(726, '8807', 'Tigo', 1),
(727, '8808', 'Tigo', 1),
(728, '8809', 'Tigo', 1),
(729, '8810', 'Tigo', 1),
(730, '8811', 'Tigo', 1),
(731, '8812', 'Tigo', 1),
(732, '8813', 'Tigo', 1),
(733, '8814', 'Tigo', 1),
(734, '8815', 'Tigo', 1),
(735, '8816', 'Tigo', 1),
(736, '8817', 'Tigo', 1),
(737, '8818', 'Tigo', 1),
(738, '8819', 'Tigo', 1),
(739, '8860', 'Tigo', 1),
(740, '8861', 'Tigo', 1),
(741, '8862', 'Tigo', 1),
(742, '8863', 'Tigo', 1),
(743, '8864', 'Tigo', 1),
(744, '8865', 'Tigo', 1),
(745, '8866', 'Tigo', 1),
(746, '8867', 'Tigo', 1),
(747, '8868', 'Tigo', 1),
(748, '8869', 'Tigo', 1),
(749, '8871', 'Tigo', 1),
(750, '8872', 'Tigo', 1),
(751, '8873', 'Tigo', 1),
(752, '8874', 'Tigo', 1),
(753, '8875', 'Tigo', 1),
(754, '8876', 'Tigo', 1),
(755, '8877', 'Tigo', 1),
(756, '8878', 'Tigo', 1),
(757, '8879', 'Tigo', 1),
(758, '8880', 'Tigo', 1),
(759, '8881', 'Tigo', 1),
(760, '8882', 'Tigo', 1),
(761, '8883', 'Tigo', 1),
(762, '8884', 'Tigo', 1),
(763, '8885', 'Tigo', 1),
(764, '8886', 'Tigo', 1),
(765, '8887', 'Tigo', 1),
(766, '8888', 'Tigo', 1),
(767, '8889', 'Tigo', 1),
(768, '8893', 'Tigo', 1),
(769, '8894', 'Tigo', 1),
(770, '8895', 'Tigo', 1),
(771, '8896', 'Tigo', 1),
(772, '8897', 'Tigo', 1),
(773, '8898', 'Tigo', 1),
(774, '8899', 'Tigo', 1),
(775, '8950', 'Tigo', 1),
(776, '8951', 'Tigo', 1),
(777, '8952', 'Tigo', 1),
(778, '8953', 'Tigo', 1),
(779, '8954', 'Tigo', 1),
(780, '8955', 'Tigo', 1),
(781, '8956', 'Tigo', 1),
(782, '8957', 'Tigo', 1),
(783, '8958', 'Tigo', 1),
(784, '8959', 'Tigo', 1),
(785, '8960', 'Tigo', 1),
(786, '8961', 'Tigo', 1),
(787, '8962', 'Tigo', 1),
(788, '8963', 'Tigo', 1),
(789, '8964', 'Tigo', 1),
(790, '8965', 'Tigo', 1),
(791, '8966', 'Tigo', 1),
(792, '8967', 'Tigo', 1),
(793, '8968', 'Tigo', 1),
(794, '8969', 'Tigo', 1),
(795, '8970', 'Tigo', 1),
(796, '8971', 'Tigo', 1),
(797, '8972', 'Tigo', 1),
(798, '8973', 'Tigo', 1),
(799, '8974', 'Tigo', 1),
(800, '8975', 'Tigo', 1),
(801, '8976', 'Tigo', 1),
(802, '8977', 'Tigo', 1),
(803, '8978', 'Tigo', 1),
(804, '8979', 'Tigo', 1),
(805, '8980', 'Tigo', 1),
(806, '8981', 'Tigo', 1),
(807, '8982', 'Tigo', 1),
(808, '8983', 'Tigo', 1),
(809, '8984', 'Tigo', 1),
(810, '8985', 'Tigo', 1),
(811, '8986', 'Tigo', 1),
(812, '8987', 'Tigo', 1),
(813, '8988', 'Tigo', 1),
(814, '8989', 'Tigo', 1),
(815, '8990', 'Tigo', 1),
(816, '8991', 'Tigo', 1),
(817, '8992', 'Tigo', 1),
(818, '8993', 'Tigo', 1),
(819, '8994', 'Tigo', 1),
(820, '8995', 'Tigo', 1),
(821, '8996', 'Tigo', 1),
(822, '8997', 'Tigo', 1),
(823, '8998', 'Tigo', 1),
(824, '8999', 'Tigo', 1),
(825, '8330', 'Claro', 1),
(826, '8331', 'Claro', 1),
(827, '8332', 'Claro', 1),
(828, '8333', 'Claro', 1),
(829, '8334', 'Claro', 1),
(830, '8335', 'Claro', 1),
(831, '8336', 'Claro', 1),
(832, '8337', 'Claro', 1),
(833, '8338', 'Claro', 1),
(834, '8339', 'Claro', 1),
(835, '8350', 'Claro', 1),
(836, '8351', 'Claro', 1),
(837, '8352', 'Claro', 1),
(838, '8353', 'Claro', 1),
(839, '8354', 'Claro', 1),
(840, '8355', 'Claro', 1),
(841, '8356', 'Claro', 1),
(842, '8357', 'Claro', 1),
(843, '8358', 'Claro', 1),
(844, '8359', 'Claro', 1),
(845, '8360', 'Claro', 1),
(846, '8361', 'Claro', 1),
(847, '8362', 'Claro', 1),
(848, '8363', 'Claro', 1),
(849, '8364', 'Claro', 1),
(850, '8365', 'Claro', 1),
(851, '8366', 'Claro', 1),
(852, '8367', 'Claro', 1),
(853, '8368', 'Claro', 1),
(854, '8369', 'Claro', 1),
(855, '8400', 'Claro', 1),
(856, '8401', 'Claro', 1),
(857, '8402', 'Claro', 1),
(858, '8403', 'Claro', 1),
(859, '8404', 'Claro', 1),
(860, '8405', 'Claro', 1),
(861, '8406', 'Claro', 1),
(862, '8407', 'Claro', 1),
(863, '8408', 'Claro', 1),
(864, '8409', 'Claro', 1),
(865, '8410', 'Claro', 1),
(866, '8411', 'Claro', 1),
(867, '8412', 'Claro', 1),
(868, '8413', 'Claro', 1),
(869, '8414', 'Claro', 1),
(870, '8415', 'Claro', 1),
(871, '8416', 'Claro', 1),
(872, '8417', 'Claro', 1),
(873, '8418', 'Claro', 1),
(874, '8419', 'Claro', 1),
(875, '8420', 'Claro', 1),
(876, '8421', 'Claro', 1),
(877, '8422', 'Claro', 1),
(878, '8423', 'Claro', 1),
(879, '8424', 'Claro', 1),
(880, '8425', 'Claro', 1),
(881, '8426', 'Claro', 1),
(882, '8427', 'Claro', 1),
(883, '8428', 'Claro', 1),
(884, '8429', 'Claro', 1),
(885, '8430', 'Claro', 1),
(886, '8431', 'Claro', 1),
(887, '8432', 'Claro', 1),
(888, '8433', 'Claro', 1),
(889, '8434', 'Claro', 1),
(890, '8435', 'Claro', 1),
(891, '8436', 'Claro', 1),
(892, '8437', 'Claro', 1),
(893, '8438', 'Claro', 1),
(894, '8439', 'Claro', 1),
(895, '8440', 'Claro', 1),
(896, '8441', 'Claro', 1),
(897, '8442', 'Claro', 1),
(898, '8443', 'Claro', 1),
(899, '8444', 'Claro', 1),
(900, '8445', 'Claro', 1),
(901, '8446', 'Claro', 1),
(902, '8447', 'Claro', 1),
(903, '8448', 'Claro', 1),
(904, '8449', 'Claro', 1),
(905, '8490', 'Claro', 1),
(906, '8491', 'Claro', 1),
(907, '8492', 'Claro', 1),
(908, '8493', 'Claro', 1),
(909, '8494', 'Claro', 1),
(910, '8495', 'Claro', 1),
(911, '8496', 'Claro', 1),
(912, '8497', 'Claro', 1),
(913, '8498', 'Claro', 1),
(914, '8499', 'Claro', 1),
(915, '8530', 'Claro', 1),
(916, '8531', 'Claro', 1),
(917, '8532', 'Claro', 1),
(918, '8533', 'Claro', 1),
(919, '8534', 'Claro', 1),
(920, '8535', 'Claro', 1),
(921, '8536', 'Claro', 1),
(922, '8537', 'Claro', 1),
(923, '8538', 'Claro', 1),
(924, '8539', 'Claro', 1),
(925, '8600', 'Claro', 1),
(926, '8601', 'Claro', 1),
(927, '8602', 'Claro', 1),
(928, '8603', 'Claro', 1),
(929, '8604', 'Claro', 1),
(930, '8605', 'Claro', 1),
(931, '8606', 'Claro', 1),
(932, '8607', 'Claro', 1),
(933, '8608', 'Claro', 1),
(934, '8609', 'Claro', 1),
(935, '8610', 'Claro', 1),
(936, '8611', 'Claro', 1),
(937, '8612', 'Claro', 1),
(938, '8613', 'Claro', 1),
(939, '8614', 'Claro', 1),
(940, '8615', 'Claro', 1),
(941, '8616', 'Claro', 1),
(942, '8617', 'Claro', 1),
(943, '8618', 'Claro', 1),
(944, '8619', 'Claro', 1),
(945, '8620', 'Claro', 1),
(946, '8621', 'Claro', 1),
(947, '8622', 'Claro', 1),
(948, '8623', 'Claro', 1),
(949, '8624', 'Claro', 1),
(950, '8625', 'Claro', 1),
(951, '8626', 'Claro', 1),
(952, '8627', 'Claro', 1),
(953, '8628', 'Claro', 1),
(954, '8629', 'Claro', 1),
(955, '8630', 'Claro', 1),
(956, '8631', 'Claro', 1),
(957, '8632', 'Claro', 1),
(958, '8633', 'Claro', 1),
(959, '8634', 'Claro', 1),
(960, '8635', 'Claro', 1),
(961, '8636', 'Claro', 1),
(962, '8637', 'Claro', 1),
(963, '8638', 'Claro', 1),
(964, '8639', 'Claro', 1),
(965, '8640', 'Claro', 1),
(966, '8641', 'Claro', 1),
(967, '8642', 'Claro', 1),
(968, '8643', 'Claro', 1),
(969, '8644', 'Claro', 1),
(970, '8645', 'Claro', 1),
(971, '8646', 'Claro', 1),
(972, '8647', 'Claro', 1),
(973, '8648', 'Claro', 1),
(974, '8649', 'Claro', 1),
(975, '8650', 'Claro', 1),
(976, '8651', 'Claro', 1),
(977, '8652', 'Claro', 1),
(978, '8653', 'Claro', 1),
(979, '8654', 'Claro', 1),
(980, '8655', 'Claro', 1),
(981, '8656', 'Claro', 1),
(982, '8657', 'Claro', 1),
(983, '8658', 'Claro', 1),
(984, '8659', 'Claro', 1),
(985, '8660', 'Claro', 1),
(986, '8661', 'Claro', 1),
(987, '8662', 'Claro', 1),
(988, '8663', 'Claro', 1),
(989, '8664', 'Claro', 1),
(990, '8665', 'Claro', 1),
(991, '8666', 'Claro', 1),
(992, '8667', 'Claro', 1),
(993, '8668', 'Claro', 1),
(994, '8669', 'Claro', 1),
(995, '8690', 'Claro', 1),
(996, '8691', 'Claro', 1),
(997, '8692', 'Claro', 1),
(998, '8693', 'Claro', 1),
(999, '8694', 'Claro', 1),
(1000, '8695', 'Claro', 1),
(1001, '8696', 'Claro', 1),
(1002, '8697', 'Claro', 1),
(1003, '8698', 'Claro', 1),
(1004, '8699', 'Claro', 1),
(1005, '8700', 'Claro', 1),
(1006, '8701', 'Claro', 1),
(1007, '8702', 'Claro', 1),
(1008, '8703', 'Claro', 1),
(1009, '8704', 'Claro', 1),
(1010, '8705', 'Claro', 1),
(1011, '8706', 'Claro', 1),
(1012, '8707', 'Claro', 1),
(1013, '8708', 'Claro', 1),
(1014, '8709', 'Claro', 1),
(1015, '8710', 'Claro', 1),
(1016, '8711', 'Claro', 1),
(1017, '8712', 'Claro', 1),
(1018, '8713', 'Claro', 1),
(1019, '8714', 'Claro', 1),
(1020, '8715', 'Claro', 1),
(1021, '8716', 'Claro', 1),
(1022, '8717', 'Claro', 1),
(1023, '8718', 'Claro', 1),
(1024, '8719', 'Claro', 1),
(1025, '8720', 'Claro', 1),
(1026, '8721', 'Claro', 1),
(1027, '8722', 'Claro', 1),
(1028, '8723', 'Claro', 1),
(1029, '8724', 'Claro', 1),
(1030, '8725', 'Claro', 1),
(1031, '8726', 'Claro', 1),
(1032, '8727', 'Claro', 1),
(1033, '8728', 'Claro', 1),
(1034, '8729', 'Claro', 1),
(1035, '8730', 'Claro', 1),
(1036, '8731', 'Claro', 1),
(1037, '8732', 'Claro', 1),
(1038, '8733', 'Claro', 1),
(1039, '8734', 'Claro', 1),
(1040, '8735', 'Claro', 1),
(1041, '8736', 'Claro', 1),
(1042, '8737', 'Claro', 1),
(1043, '8738', 'Claro', 1),
(1044, '8739', 'Claro', 1),
(1045, '8740', 'Claro', 1),
(1046, '8741', 'Claro', 1),
(1047, '8742', 'Claro', 1),
(1048, '8743', 'Claro', 1),
(1049, '8744', 'Claro', 1),
(1050, '8745', 'Claro', 1),
(1051, '8746', 'Claro', 1),
(1052, '8747', 'Claro', 1),
(1053, '8748', 'Claro', 1),
(1054, '8749', 'Claro', 1),
(1055, '8820', 'Claro', 1),
(1056, '8821', 'Claro', 1),
(1057, '8822', 'Claro', 1),
(1058, '8823', 'Claro', 1),
(1059, '8824', 'Claro', 1),
(1060, '8825', 'Claro', 1),
(1061, '8826', 'Claro', 1),
(1062, '8827', 'Claro', 1),
(1063, '8828', 'Claro', 1),
(1064, '8829', 'Claro', 1),
(1065, '8830', 'Claro', 1),
(1066, '8831', 'Claro', 1),
(1067, '8832', 'Claro', 1),
(1068, '8833', 'Claro', 1),
(1069, '8834', 'Claro', 1),
(1070, '8835', 'Claro', 1),
(1071, '8836', 'Claro', 1),
(1072, '8837', 'Claro', 1),
(1073, '8838', 'Claro', 1),
(1074, '8839', 'Claro', 1),
(1075, '8840', 'Claro', 1),
(1076, '8841', 'Claro', 1),
(1077, '8842', 'Claro', 1),
(1078, '8843', 'Claro', 1),
(1079, '8844', 'Claro', 1),
(1080, '8845', 'Claro', 1),
(1081, '8846', 'Claro', 1),
(1082, '8847', 'Claro', 1),
(1083, '8848', 'Claro', 1),
(1084, '8849', 'Claro', 1),
(1085, '8850', 'Claro', 1),
(1086, '8851', 'Claro', 1),
(1087, '8852', 'Claro', 1),
(1088, '8853', 'Claro', 1),
(1089, '8854', 'Claro', 1),
(1090, '8855', 'Claro', 1),
(1091, '8856', 'Claro', 1),
(1092, '8857', 'Claro', 1),
(1093, '8858', 'Claro', 1),
(1094, '8859', 'Claro', 1),
(1095, '8900', 'Claro', 1),
(1096, '8901', 'Claro', 1),
(1097, '8902', 'Claro', 1),
(1098, '8903', 'Claro', 1),
(1099, '8904', 'Claro', 1),
(1100, '8905', 'Claro', 1),
(1101, '8906', 'Claro', 1),
(1102, '8907', 'Claro', 1),
(1103, '8908', 'Claro', 1),
(1104, '8909', 'Claro', 1),
(1105, '8910', 'Claro', 1),
(1106, '8911', 'Claro', 1),
(1107, '8912', 'Claro', 1),
(1108, '8913', 'Claro', 1),
(1109, '8914', 'Claro', 1),
(1110, '8915', 'Claro', 1),
(1111, '8916', 'Claro', 1),
(1112, '8917', 'Claro', 1),
(1113, '8918', 'Claro', 1),
(1114, '8919', 'Claro', 1),
(1115, '8920', 'Claro', 1),
(1116, '8921', 'Claro', 1),
(1117, '8922', 'Claro', 1),
(1118, '8923', 'Claro', 1),
(1119, '8924', 'Claro', 1),
(1120, '8925', 'Claro', 1),
(1121, '8926', 'Claro', 1),
(1122, '8927', 'Claro', 1),
(1123, '8928', 'Claro', 1),
(1124, '8929', 'Claro', 1),
(1125, '8930', 'Claro', 1),
(1126, '8931', 'Claro', 1),
(1127, '8932', 'Claro', 1),
(1128, '8933', 'Claro', 1),
(1129, '8934', 'Claro', 1),
(1130, '8935', 'Claro', 1),
(1131, '8936', 'Claro', 1),
(1132, '8937', 'Claro', 1),
(1133, '8938', 'Claro', 1),
(1134, '8939', 'Claro', 1),
(1135, '8940', 'Claro', 1),
(1136, '8941', 'Claro', 1),
(1137, '8942', 'Claro', 1),
(1138, '8943', 'Claro', 1),
(1139, '8944', 'Claro', 1),
(1140, '8945', 'Claro', 1),
(1141, '8946', 'Claro', 1),
(1142, '8947', 'Claro', 1),
(1143, '8948', 'Claro', 1),
(1144, '8949', 'Claro', 1),
(1145, '8500', 'Claro', 1),
(1146, '8501', 'Claro', 1),
(1147, '8502', 'Claro', 1),
(1148, '8503', 'Claro', 1),
(1149, '8504', 'Claro', 1),
(1150, '8505', 'Claro', 1),
(1151, '8506', 'Claro', 1),
(1152, '8507', 'Claro', 1),
(1153, '8508', 'Claro', 1),
(1154, '8509', 'Claro', 1),
(1155, '8510', 'Claro', 1),
(1156, '8511', 'Claro', 1),
(1157, '8512', 'Claro', 1),
(1158, '8513', 'Claro', 1),
(1159, '8514', 'Claro', 1),
(1160, '8515', 'Claro', 1),
(1161, '8516', 'Claro', 1),
(1162, '8517', 'Claro', 1),
(1163, '8518', 'Claro', 1),
(1164, '8519', 'Claro', 1),
(1165, '8520', 'Claro', 1),
(1166, '8521', 'Claro', 1),
(1167, '8522', 'Claro', 1),
(1168, '8523', 'Claro', 1),
(1169, '8524', 'Claro', 1),
(1170, '8525', 'Claro', 1),
(1171, '8526', 'Claro', 1),
(1172, '8527', 'Claro', 1),
(1173, '8528', 'Claro', 1),
(1174, '8529', 'Claro', 1),
(1175, '8540', 'Claro', 1),
(1176, '8541', 'Claro', 1),
(1177, '8542', 'Claro', 1),
(1178, '8543', 'Claro', 1),
(1179, '8544', 'Claro', 1),
(1180, '8545', 'Claro', 1),
(1181, '8546', 'Claro', 1),
(1182, '8547', 'Claro', 1),
(1183, '8548', 'Claro', 1),
(1184, '8549', 'Claro', 1),
(1185, '8200', 'Claro', 1),
(1186, '8201', 'Claro', 1),
(1187, '8202', 'Claro', 1),
(1188, '8203', 'Claro', 1),
(1189, '8204', 'Claro', 1),
(1190, '8205', 'Claro', 1),
(1191, '8206', 'Claro', 1),
(1192, '8207', 'Claro', 1),
(1193, '8208', 'Claro', 1),
(1194, '8209', 'Claro', 1),
(1195, '8210', 'Claro', 1),
(1196, '8211', 'Claro', 1),
(1197, '8212', 'Claro', 1),
(1198, '8213', 'Claro', 1),
(1199, '8214', 'Claro', 1),
(1200, '8215', 'Claro', 1),
(1201, '8216', 'Claro', 1),
(1202, '8217', 'Claro', 1),
(1203, '8218', 'Claro', 1),
(1204, '8219', 'Claro', 1),
(1205, '8220', 'Claro', 1),
(1206, '8221', 'Claro', 1),
(1207, '8222', 'Claro', 1),
(1208, '8223', 'Claro', 1),
(1209, '8224', 'Claro', 1),
(1210, '8225', 'Claro', 1),
(1211, '8226', 'Claro', 1),
(1212, '8227', 'Claro', 1),
(1213, '8228', 'Claro', 1),
(1214, '8229', 'Claro', 1),
(1215, '8230', 'Claro', 1),
(1216, '8231', 'Claro', 1),
(1217, '8232', 'Claro', 1),
(1218, '8233', 'Claro', 1),
(1219, '8234', 'Claro', 1),
(1220, '8235', 'Claro', 1),
(1221, '8236', 'Claro', 1),
(1222, '8237', 'Claro', 1),
(1223, '8238', 'Claro', 1),
(1224, '8239', 'Claro', 1),
(1225, '5400', 'Claro', 1),
(1226, '5401', 'Claro', 1),
(1227, '5402', 'Claro', 1),
(1228, '5403', 'Claro', 1),
(1229, '5404', 'Claro', 1),
(1230, '5405', 'Claro', 1),
(1231, '5406', 'Claro', 1),
(1232, '5407', 'Claro', 1),
(1233, '5408', 'Claro', 1),
(1234, '5409', 'Claro', 1),
(1235, '5410', 'Claro', 1),
(1236, '5411', 'Claro', 1),
(1237, '5412', 'Claro', 1),
(1238, '5413', 'Claro', 1),
(1239, '5414', 'Claro', 1),
(1240, '5415', 'Claro', 1),
(1241, '5416', 'Claro', 1),
(1242, '5417', 'Claro', 1),
(1243, '5418', 'Claro', 1),
(1244, '5419', 'Claro', 1),
(1245, '5420', 'Claro', 1),
(1246, '5421', 'Claro', 1),
(1247, '5422', 'Claro', 1),
(1248, '5423', 'Claro', 1),
(1249, '5424', 'Claro', 1),
(1250, '5425', 'Claro', 1),
(1251, '5426', 'Claro', 1),
(1252, '5427', 'Claro', 1),
(1253, '5428', 'Claro', 1),
(1254, '5429', 'Claro', 1),
(1255, '5430', 'Claro', 1),
(1256, '5431', 'Claro', 1),
(1257, '5432', 'Claro', 1),
(1258, '5433', 'Claro', 1),
(1259, '5434', 'Claro', 1),
(1260, '5435', 'Claro', 1),
(1261, '5436', 'Claro', 1),
(1262, '5437', 'Claro', 1),
(1263, '5438', 'Claro', 1),
(1264, '5439', 'Claro', 1),
(1265, '5440', 'Claro', 1),
(1266, '5441', 'Claro', 1),
(1267, '5442', 'Claro', 1),
(1268, '5443', 'Claro', 1),
(1269, '5444', 'Claro', 1),
(1270, '5445', 'Claro', 1),
(1271, '5446', 'Claro', 1),
(1272, '5447', 'Claro', 1),
(1273, '5448', 'Claro', 1),
(1274, '5449', 'Claro', 1),
(1275, '5450', 'Claro', 1),
(1276, '5451', 'Claro', 1),
(1277, '5452', 'Claro', 1),
(1278, '5453', 'Claro', 1),
(1279, '5454', 'Claro', 1),
(1280, '5455', 'Claro', 1),
(1281, '5456', 'Claro', 1),
(1282, '5457', 'Claro', 1),
(1283, '5458', 'Claro', 1),
(1284, '5459', 'Claro', 1),
(1285, '5460', 'Claro', 1),
(1286, '5461', 'Claro', 1),
(1287, '5462', 'Claro', 1),
(1288, '5463', 'Claro', 1),
(1289, '5464', 'Claro', 1),
(1290, '5465', 'Claro', 1),
(1291, '5466', 'Claro', 1),
(1292, '5467', 'Claro', 1),
(1293, '5468', 'Claro', 1),
(1294, '5469', 'Claro', 1),
(1295, '5470', 'Claro', 1),
(1296, '5471', 'Claro', 1),
(1297, '5472', 'Claro', 1),
(1298, '5473', 'Claro', 1),
(1299, '5474', 'Claro', 1),
(1300, '5475', 'Claro', 1),
(1301, '5476', 'Claro', 1),
(1302, '5477', 'Claro', 1),
(1303, '5478', 'Claro', 1),
(1304, '5479', 'Claro', 1),
(1305, '5480', 'Claro', 1),
(1306, '5481', 'Claro', 1),
(1307, '5482', 'Claro', 1),
(1308, '5483', 'Claro', 1),
(1309, '5484', 'Claro', 1),
(1310, '5485', 'Claro', 1),
(1311, '5486', 'Claro', 1),
(1312, '5487', 'Claro', 1),
(1313, '5488', 'Claro', 1),
(1314, '5489', 'Claro', 1),
(1315, '5490', 'Claro', 1),
(1316, '5491', 'Claro', 1),
(1317, '5492', 'Claro', 1),
(1318, '5493', 'Claro', 1),
(1319, '5494', 'Claro', 1),
(1320, '5495', 'Claro', 1),
(1321, '5496', 'Claro', 1),
(1322, '5497', 'Claro', 1),
(1323, '5498', 'Claro', 1),
(1324, '5499', 'Claro', 1),
(1325, '5500', 'Claro', 1),
(1326, '5501', 'Claro', 1),
(1327, '5502', 'Claro', 1),
(1328, '5503', 'Claro', 1),
(1329, '5504', 'Claro', 1),
(1330, '5505', 'Claro', 1),
(1331, '5506', 'Claro', 1),
(1332, '5507', 'Claro', 1),
(1333, '5508', 'Claro', 1),
(1334, '5509', 'Claro', 1),
(1335, '5510', 'Claro', 1),
(1336, '5511', 'Claro', 1),
(1337, '5512', 'Claro', 1),
(1338, '5513', 'Claro', 1),
(1339, '5514', 'Claro', 1),
(1340, '5515', 'Claro', 1),
(1341, '5516', 'Claro', 1),
(1342, '5517', 'Claro', 1),
(1343, '5518', 'Claro', 1),
(1344, '5519', 'Claro', 1),
(1345, '5520', 'Claro', 1),
(1346, '5521', 'Claro', 1),
(1347, '5522', 'Claro', 1),
(1348, '5523', 'Claro', 1),
(1349, '5524', 'Claro', 1),
(1350, '5525', 'Claro', 1),
(1351, '5526', 'Claro', 1),
(1352, '5527', 'Claro', 1),
(1353, '5528', 'Claro', 1),
(1354, '5529', 'Claro', 1),
(1355, '5530', 'Claro', 1),
(1356, '5531', 'Claro', 1),
(1357, '5532', 'Claro', 1),
(1358, '5533', 'Claro', 1),
(1359, '5534', 'Claro', 1),
(1360, '5535', 'Claro', 1),
(1361, '5536', 'Claro', 1),
(1362, '5537', 'Claro', 1),
(1363, '5538', 'Claro', 1),
(1364, '5539', 'Claro', 1),
(1365, '5540', 'Claro', 1),
(1366, '5541', 'Claro', 1),
(1367, '5542', 'Claro', 1),
(1368, '5543', 'Claro', 1),
(1369, '5544', 'Claro', 1),
(1370, '5545', 'Claro', 1),
(1371, '5546', 'Claro', 1),
(1372, '5547', 'Claro', 1),
(1373, '5548', 'Claro', 1),
(1374, '5549', 'Claro', 1),
(1375, '5550', 'Claro', 1),
(1376, '5551', 'Claro', 1),
(1377, '5552', 'Claro', 1),
(1378, '5553', 'Claro', 1),
(1379, '5554', 'Claro', 1),
(1380, '5555', 'Claro', 1),
(1381, '5556', 'Claro', 1),
(1382, '5557', 'Claro', 1),
(1383, '5558', 'Claro', 1),
(1384, '5559', 'Claro', 1),
(1385, '5560', 'Claro', 1),
(1386, '5561', 'Claro', 1),
(1387, '5562', 'Claro', 1),
(1388, '5563', 'Claro', 1),
(1389, '5565', 'Claro', 1),
(1390, '5566', 'Claro', 1),
(1391, '5567', 'Claro', 1),
(1392, '5568', 'Claro', 1),
(1393, '5569', 'Claro', 1),
(1394, '5570', 'Claro', 1),
(1395, '5630', 'Claro', 1),
(1396, '5631', 'Claro', 1),
(1397, '5632', 'Claro', 1),
(1398, '5633', 'Claro', 1),
(1399, '5634', 'Claro', 1),
(1400, '5635', 'Claro', 1),
(1401, '5636', 'Claro', 1),
(1402, '5637', 'Claro', 1),
(1403, '5638', 'Claro', 1),
(1404, '5639', 'Claro', 1),
(1405, '5640', 'Claro', 1),
(1406, '5641', 'Claro', 1),
(1407, '5642', 'Claro', 1),
(1408, '5643', 'Claro', 1),
(1409, '5644', 'Claro', 1),
(1410, '5645', 'Claro', 1),
(1411, '5646', 'Claro', 1),
(1412, '5647', 'Claro', 1),
(1413, '5648', 'Claro', 1),
(1414, '5649', 'Claro', 1),
(1415, '5650', 'Claro', 1),
(1416, '5651', 'Claro', 1),
(1417, '5652', 'Claro', 1),
(1418, '5653', 'Claro', 1),
(1419, '5654', 'Claro', 1),
(1420, '5655', 'Claro', 1),
(1421, '5656', 'Claro', 1),
(1422, '5657', 'Claro', 1),
(1423, '5658', 'Claro', 1),
(1424, '5659', 'Claro', 1),
(1425, '5660', 'Claro', 1),
(1426, '5661', 'Claro', 1),
(1427, '5662', 'Claro', 1),
(1428, '5663', 'Claro', 1),
(1429, '5664', 'Claro', 1),
(1430, '5665', 'Claro', 1),
(1431, '5666', 'Claro', 1),
(1432, '5667', 'Claro', 1),
(1433, '5668', 'Claro', 1),
(1434, '5669', 'Claro', 1),
(1435, '5670', 'Claro', 1),
(1436, '5671', 'Claro', 1),
(1437, '5672', 'Claro', 1),
(1438, '5673', 'Claro', 1),
(1439, '5674', 'Claro', 1),
(1440, '5675', 'Claro', 1),
(1441, '5676', 'Claro', 1),
(1442, '5677', 'Claro', 1),
(1443, '5678', 'Claro', 1),
(1444, '5679', 'Claro', 1),
(1445, '5680', 'Claro', 1),
(1446, '5681', 'Claro', 1),
(1447, '5682', 'Claro', 1),
(1448, '5683', 'Claro', 1),
(1449, '5684', 'Claro', 1),
(1450, '5685', 'Claro', 1),
(1451, '5686', 'Claro', 1),
(1452, '5687', 'Claro', 1),
(1453, '5688', 'Claro', 1),
(1454, '5689', 'Claro', 1),
(1455, '5690', 'Claro', 1),
(1456, '5691', 'Claro', 1),
(1457, '5692', 'Claro', 1),
(1458, '5693', 'Claro', 1),
(1459, '5694', 'Claro', 1),
(1460, '5695', 'Claro', 1),
(1461, '5696', 'Claro', 1),
(1462, '5697', 'Claro', 1),
(1463, '5698', 'Claro', 1),
(1464, '5699', 'Claro', 1),
(1465, '5700', 'Claro', 1),
(1466, '5701', 'Claro', 1),
(1467, '5702', 'Claro', 1),
(1468, '5703', 'Claro', 1),
(1469, '5704', 'Claro', 1),
(1470, '5705', 'Claro', 1),
(1471, '5706', 'Claro', 1),
(1472, '5707', 'Claro', 1),
(1473, '5708', 'Claro', 1),
(1474, '5709', 'Claro', 1),
(1475, '5710', 'Claro', 1),
(1476, '5711', 'Claro', 1),
(1477, '5712', 'Claro', 1),
(1478, '5713', 'Claro', 1),
(1479, '5714', 'Claro', 1),
(1480, '5715', 'Claro', 1),
(1481, '5716', 'Claro', 1),
(1482, '5717', 'Claro', 1),
(1483, '5718', 'Claro', 1),
(1484, '5719', 'Claro', 1),
(1485, '5720', 'Claro', 1),
(1486, '5721', 'Claro', 1),
(1487, '5722', 'Claro', 1),
(1488, '5723', 'Claro', 1),
(1489, '5724', 'Claro', 1),
(1490, '5725', 'Claro', 1),
(1491, '5726', 'Claro', 1),
(1492, '5727', 'Claro', 1),
(1493, '5728', 'Claro', 1),
(1494, '5729', 'Claro', 1),
(1495, '5730', 'Claro', 1),
(1496, '5731', 'Claro', 1),
(1497, '5732', 'Claro', 1),
(1498, '5733', 'Claro', 1),
(1499, '5734', 'Claro', 1),
(1500, '5735', 'Claro', 1),
(1501, '5736', 'Claro', 1),
(1502, '5737', 'Claro', 1),
(1503, '5738', 'Claro', 1),
(1504, '5739', 'Claro', 1),
(1505, '5740', 'Claro', 1),
(1506, '5741', 'Claro', 1),
(1507, '5742', 'Claro', 1),
(1508, '5743', 'Claro', 1),
(1509, '5744', 'Claro', 1),
(1510, '5745', 'Claro', 1),
(1511, '5746', 'Claro', 1),
(1512, '5747', 'Claro', 1),
(1513, '5748', 'Claro', 1),
(1514, '5749', 'Claro', 1),
(1515, '5750', 'Claro', 1),
(1516, '5751', 'Claro', 1),
(1517, '5752', 'Claro', 1),
(1518, '5753', 'Claro', 1),
(1519, '5754', 'Claro', 1),
(1520, '5755', 'Claro', 1),
(1521, '5756', 'Claro', 1),
(1522, '5757', 'Claro', 1),
(1523, '5758', 'Claro', 1),
(1524, '5759', 'Claro', 1),
(1525, '5760', 'Claro', 1),
(1526, '5761', 'Claro', 1),
(1527, '5762', 'Claro', 1),
(1528, '5763', 'Claro', 1),
(1529, '5764', 'Claro', 1),
(1530, '5765', 'Claro', 1),
(1531, '5766', 'Claro', 1),
(1532, '5767', 'Claro', 1),
(1533, '5768', 'Claro', 1),
(1534, '5769', 'Claro', 1),
(1535, '5770', 'Claro', 1),
(1536, '5771', 'Claro', 1),
(1537, '5772', 'Claro', 1),
(1538, '5773', 'Claro', 1),
(1539, '5774', 'Claro', 1),
(1540, '5775', 'Claro', 1),
(1541, '5776', 'Claro', 1),
(1542, '5777', 'Claro', 1),
(1543, '5778', 'Claro', 1),
(1544, '5779', 'Claro', 1),
(1545, '5780', 'Claro', 1),
(1546, '5781', 'Claro', 1),
(1547, '5782', 'Claro', 1),
(1548, '5783', 'Claro', 1),
(1549, '5784', 'Claro', 1),
(1550, '5785', 'Claro', 1),
(1551, '5786', 'Claro', 1),
(1552, '5787', 'Claro', 1),
(1553, '5788', 'Claro', 1),
(1554, '5789', 'Claro', 1),
(1555, '5790', 'Claro', 1),
(1556, '5791', 'Claro', 1),
(1557, '5792', 'Claro', 1),
(1558, '5793', 'Claro', 1),
(1559, '5794', 'Claro', 1),
(1560, '5795', 'Claro', 1),
(1561, '5796', 'Claro', 1),
(1562, '5797', 'Claro', 1),
(1563, '5798', 'Claro', 1),
(1564, '5799', 'Claro', 1),
(1565, '5800', 'Claro', 1),
(1566, '5801', 'Claro', 1),
(1567, '5802', 'Claro', 1),
(1568, '5803', 'Claro', 1),
(1569, '5804', 'Claro', 1),
(1570, '5805', 'Claro', 1),
(1571, '5806', 'Claro', 1),
(1572, '5807', 'Claro', 1),
(1573, '5808', 'Claro', 1),
(1574, '5809', 'Claro', 1),
(1575, '5810', 'Claro', 1),
(1576, '5811', 'Claro', 1),
(1577, '5812', 'Claro', 1),
(1578, '5813', 'Claro', 1),
(1579, '5814', 'Claro', 1),
(1580, '5815', 'Claro', 1),
(1581, '5816', 'Claro', 1),
(1582, '5817', 'Claro', 1),
(1583, '5818', 'Claro', 1),
(1584, '5819', 'Claro', 1),
(1585, '5820', 'Claro', 1),
(1586, '5821', 'Claro', 1),
(1587, '5822', 'Claro', 1),
(1588, '5823', 'Claro', 1),
(1589, '5824', 'Claro', 1),
(1590, '5825', 'Claro', 1),
(1591, '5826', 'Claro', 1),
(1592, '5827', 'Claro', 1),
(1593, '5828', 'Claro', 1),
(1594, '5829', 'Claro', 1),
(1595, '5830', 'Claro', 1),
(1596, '5831', 'Claro', 1),
(1597, '5832', 'Claro', 1),
(1598, '5833', 'Claro', 1),
(1599, '5834', 'Claro', 1),
(1600, '5835', 'Claro', 1),
(1601, '5836', 'Claro', 1),
(1602, '5837', 'Claro', 1),
(1603, '5838', 'Claro', 1),
(1604, '5839', 'Claro', 1),
(1605, '5840', 'Claro', 1),
(1606, '5841', 'Claro', 1),
(1607, '5842', 'Claro', 1),
(1608, '5843', 'Claro', 1),
(1609, '5844', 'Claro', 1),
(1610, '5845', 'Claro', 1),
(1611, '5846', 'Claro', 1),
(1612, '5847', 'Claro', 1),
(1613, '5848', 'Claro', 1),
(1614, '5849', 'Claro', 1),
(1615, '5850', 'Claro', 1),
(1616, '5851', 'Claro', 1),
(1617, '5852', 'Claro', 1),
(1618, '5853', 'Claro', 1),
(1619, '5854', 'Claro', 1),
(1620, '5855', 'Claro', 1),
(1621, '5856', 'Claro', 1),
(1622, '5857', 'Claro', 1),
(1623, '5858', 'Claro', 1),
(1624, '5859', 'Claro', 1),
(1625, '5860', 'Claro', 1),
(1626, '5861', 'Claro', 1),
(1627, '5862', 'Claro', 1),
(1628, '5863', 'Claro', 1),
(1629, '5864', 'Claro', 1),
(1630, '5865', 'Claro', 1),
(1631, '5866', 'Claro', 1),
(1632, '5867', 'Claro', 1),
(1633, '5868', 'Claro', 1),
(1634, '5869', 'Claro', 1),
(1635, '5870', 'Claro', 1),
(1636, '5871', 'Claro', 1),
(1637, '5872', 'Claro', 1),
(1638, '5873', 'Claro', 1),
(1639, '5874', 'Claro', 1),
(1640, '5875', 'Claro', 1),
(1641, '5876', 'Claro', 1),
(1642, '5877', 'Claro', 1),
(1643, '5878', 'Claro', 1),
(1644, '5879', 'Claro', 1),
(1645, '5880', 'Claro', 1),
(1646, '5881', 'Claro', 1),
(1647, '5882', 'Claro', 1),
(1648, '5883', 'Claro', 1),
(1649, '5884', 'Claro', 1),
(1650, '5885', 'Claro', 1),
(1651, '5886', 'Claro', 1),
(1652, '5887', 'Claro', 1),
(1653, '5888', 'Claro', 1),
(1654, '5889', 'Claro', 1),
(1655, '5890', 'Claro', 1),
(1656, '5891', 'Claro', 1),
(1657, '5892', 'Claro', 1),
(1658, '5893', 'Claro', 1),
(1659, '5894', 'Claro', 1),
(1660, '5895', 'Claro', 1),
(1661, '5896', 'Claro', 1),
(1662, '5897', 'Claro', 1),
(1663, '5898', 'Claro', 1),
(1664, '5899', 'Claro', 1),
(1665, '6200', 'Cootel', 1),
(1666, '6201', 'Cootel', 1),
(1667, '6202', 'Cootel', 1),
(1668, '6203', 'Cootel', 1),
(1669, '6204', 'Cootel', 1),
(1670, '6205', 'Cootel', 1),
(1671, '6206', 'Cootel', 1),
(1672, '6207', 'Cootel', 1),
(1673, '6208', 'Cootel', 1),
(1674, '6209', 'Cootel', 1),
(1675, '6210', 'Cootel', 1),
(1676, '6211', 'Cootel', 1),
(1677, '6212', 'Cootel', 1),
(1678, '6213', 'Cootel', 1),
(1679, '6214', 'Cootel', 1),
(1680, '6215', 'Cootel', 1),
(1681, '6216', 'Cootel', 1),
(1682, '6217', 'Cootel', 1),
(1683, '6218', 'Cootel', 1),
(1684, '6219', 'Cootel', 1),
(1685, '6220', 'Cootel', 1),
(1686, '6221', 'Cootel', 1),
(1687, '6222', 'Cootel', 1),
(1688, '6223', 'Cootel', 1),
(1689, '6224', 'Cootel', 1),
(1690, '6225', 'Cootel', 1),
(1691, '6226', 'Cootel', 1),
(1692, '6227', 'Cootel', 1),
(1693, '6228', 'Cootel', 1),
(1694, '6229', 'Cootel', 1),
(1695, '6230', 'Cootel', 1),
(1696, '6231', 'Cootel', 1),
(1697, '6232', 'Cootel', 1),
(1698, '6233', 'Cootel', 1),
(1699, '6234', 'Cootel', 1),
(1700, '6235', 'Cootel', 1),
(1701, '6236', 'Cootel', 1),
(1702, '6237', 'Cootel', 1),
(1703, '6238', 'Cootel', 1),
(1704, '6239', 'Cootel', 1),
(1705, '6240', 'Cootel', 1),
(1706, '6241', 'Cootel', 1),
(1707, '6242', 'Cootel', 1),
(1708, '6243', 'Cootel', 1),
(1709, '6244', 'Cootel', 1),
(1710, '6245', 'Cootel', 1),
(1711, '6246', 'Cootel', 1),
(1712, '6247', 'Cootel', 1),
(1713, '6248', 'Cootel', 1),
(1714, '6249', 'Cootel', 1),
(1715, '6250', 'Cootel', 1),
(1716, '6251', 'Cootel', 1),
(1717, '6252', 'Cootel', 1),
(1718, '6253', 'Cootel', 1),
(1719, '6254', 'Cootel', 1),
(1720, '6255', 'Cootel', 1),
(1721, '6256', 'Cootel', 1),
(1722, '6257', 'Cootel', 1),
(1723, '6258', 'Cootel', 1),
(1724, '6259', 'Cootel', 1),
(1725, '6260', 'Cootel', 1),
(1726, '6261', 'Cootel', 1),
(1727, '6262', 'Cootel', 1),
(1728, '6263', 'Cootel', 1),
(1729, '6264', 'Cootel', 1),
(1730, '6265', 'Cootel', 1),
(1731, '6266', 'Cootel', 1),
(1732, '6267', 'Cootel', 1),
(1733, '6268', 'Cootel', 1),
(1734, '6269', 'Cootel', 1),
(1735, '6270', 'Cootel', 1),
(1736, '6271', 'Cootel', 1),
(1737, '6272', 'Cootel', 1),
(1738, '6273', 'Cootel', 1),
(1739, '6274', 'Cootel', 1),
(1740, '6275', 'Cootel', 1),
(1741, '6276', 'Cootel', 1),
(1742, '6277', 'Cootel', 1),
(1743, '6278', 'Cootel', 1),
(1744, '6279', 'Cootel', 1),
(1745, '6280', 'Cootel', 1),
(1746, '6281', 'Cootel', 1),
(1747, '6282', 'Cootel', 1),
(1748, '6283', 'Cootel', 1),
(1749, '6284', 'Cootel', 1),
(1750, '6285', 'Cootel', 1),
(1751, '6286', 'Cootel', 1),
(1752, '6287', 'Cootel', 1),
(1753, '6288', 'Cootel', 1),
(1754, '6289', 'Cootel', 1),
(1755, '6290', 'Cootel', 1),
(1756, '6291', 'Cootel', 1),
(1757, '6292', 'Cootel', 1),
(1758, '6293', 'Cootel', 1),
(1759, '6294', 'Cootel', 1),
(1760, '6295', 'Cootel', 1),
(1761, '6296', 'Cootel', 1),
(1762, '6297', 'Cootel', 1),
(1763, '6298', 'Cootel', 1),
(1764, '6299', 'Cootel', 1),
(1765, '6300', 'Cootel', 1),
(1766, '6301', 'Cootel', 1),
(1767, '6302', 'Cootel', 1),
(1768, '6303', 'Cootel', 1),
(1769, '6304', 'Cootel', 1),
(1770, '6305', 'Cootel', 1),
(1771, '6306', 'Cootel', 1),
(1772, '6307', 'Cootel', 1),
(1773, '6308', 'Cootel', 1),
(1774, '6309', 'Cootel', 1),
(1775, '6310', 'Cootel', 1),
(1776, '6311', 'Cootel', 1),
(1777, '6312', 'Cootel', 1),
(1778, '6313', 'Cootel', 1),
(1779, '6314', 'Cootel', 1),
(1780, '6315', 'Cootel', 1),
(1781, '6316', 'Cootel', 1),
(1782, '6317', 'Cootel', 1),
(1783, '6318', 'Cootel', 1),
(1784, '6319', 'Cootel', 1),
(1785, '6320', 'Cootel', 1),
(1786, '6321', 'Cootel', 1),
(1787, '6322', 'Cootel', 1),
(1788, '6323', 'Cootel', 1),
(1789, '6324', 'Cootel', 1),
(1790, '6325', 'Cootel', 1),
(1791, '6326', 'Cootel', 1),
(1792, '6327', 'Cootel', 1),
(1793, '6328', 'Cootel', 1),
(1794, '6329', 'Cootel', 1),
(1795, '6330', 'Cootel', 1),
(1796, '6331', 'Cootel', 1),
(1797, '6332', 'Cootel', 1),
(1798, '6333', 'Cootel', 1),
(1799, '6334', 'Cootel', 1),
(1800, '6335', 'Cootel', 1),
(1801, '6336', 'Cootel', 1),
(1802, '6337', 'Cootel', 1),
(1803, '6338', 'Cootel', 1),
(1804, '6339', 'Cootel', 1),
(1805, '6350', 'Cootel', 1),
(1806, '6351', 'Cootel', 1),
(1807, '6352', 'Cootel', 1),
(1808, '6353', 'Cootel', 1),
(1809, '6354', 'Cootel', 1),
(1810, '6355', 'Cootel', 1),
(1811, '6356', 'Cootel', 1),
(1812, '6357', 'Cootel', 1),
(1813, '6358', 'Cootel', 1),
(1814, '6359', 'Cootel', 1),
(1815, '6400', 'Cootel', 1),
(1816, '6401', 'Cootel', 1),
(1817, '6402', 'Cootel', 1),
(1818, '6403', 'Cootel', 1),
(1819, '6404', 'Cootel', 1),
(1820, '6405', 'Cootel', 1),
(1821, '6406', 'Cootel', 1),
(1822, '6407', 'Cootel', 1),
(1823, '6408', 'Cootel', 1),
(1824, '6409', 'Cootel', 1),
(1825, '6450', 'Cootel', 1),
(1826, '6451', 'Cootel', 1),
(1827, '6452', 'Cootel', 1),
(1828, '6453', 'Cootel', 1),
(1829, '6454', 'Cootel', 1),
(1830, '6455', 'Cootel', 1),
(1831, '6456', 'Cootel', 1),
(1832, '6457', 'Cootel', 1),
(1833, '6458', 'Cootel', 1),
(1834, '6459', 'Cootel', 1),
(1835, '6500', 'Cootel', 1),
(1836, '6501', 'Cootel', 1),
(1837, '6502', 'Cootel', 1),
(1838, '6503', 'Cootel', 1),
(1839, '6504', 'Cootel', 1),
(1840, '6505', 'Cootel', 1),
(1841, '6506', 'Cootel', 1),
(1842, '6507', 'Cootel', 1),
(1843, '6508', 'Cootel', 1),
(1844, '6509', 'Cootel', 1),
(1845, '6550', 'Cootel', 1),
(1846, '6551', 'Cootel', 1),
(1847, '6552', 'Cootel', 1),
(1848, '6553', 'Cootel', 1),
(1849, '6554', 'Cootel', 1),
(1850, '6555', 'Cootel', 1),
(1851, '6556', 'Cootel', 1),
(1852, '6557', 'Cootel', 1),
(1853, '6558', 'Cootel', 1),
(1854, '6559', 'Cootel', 1),
(1855, '6770', 'Cootel', 1),
(1856, '6771', 'Cootel', 1),
(1857, '6772', 'Cootel', 1),
(1858, '6773', 'Cootel', 1),
(1859, '6774', 'Cootel', 1),
(1860, '6775', 'Cootel', 1),
(1861, '6776', 'Cootel', 1),
(1862, '6777', 'Cootel', 1),
(1863, '6778', 'Cootel', 1),
(1864, '6779', 'Cootel', 1),
(1865, '6810', 'Cootel', 1),
(1866, '6811', 'Cootel', 1),
(1867, '6812', 'Cootel', 1),
(1868, '6813', 'Cootel', 1),
(1869, '6814', 'Cootel', 1),
(1870, '6815', 'Cootel', 1),
(1871, '6816', 'Cootel', 1),
(1872, '6817', 'Cootel', 1),
(1873, '6818', 'Cootel', 1),
(1874, '6819', 'Cootel', 1),
(1875, '6820', 'Cootel', 1),
(1876, '6821', 'Cootel', 1),
(1877, '6822', 'Cootel', 1),
(1878, '6823', 'Cootel', 1),
(1879, '6824', 'Cootel', 1),
(1880, '6825', 'Cootel', 1),
(1881, '6826', 'Cootel', 1),
(1882, '6827', 'Cootel', 1),
(1883, '6828', 'Cootel', 1),
(1884, '6829', 'Cootel', 1),
(1885, '6830', 'Cootel', 1),
(1886, '6831', 'Cootel', 1),
(1887, '6832', 'Cootel', 1),
(1888, '6833', 'Cootel', 1),
(1889, '6834', 'Cootel', 1),
(1890, '6835', 'Cootel', 1),
(1891, '6836', 'Cootel', 1),
(1892, '6837', 'Cootel', 1),
(1893, '6838', 'Cootel', 1),
(1894, '6839', 'Cootel', 1),
(1895, '6840', 'Cootel', 1),
(1896, '6841', 'Cootel', 1),
(1897, '6842', 'Cootel', 1),
(1898, '6843', 'Cootel', 1),
(1899, '6844', 'Cootel', 1),
(1900, '6845', 'Cootel', 1),
(1901, '6846', 'Cootel', 1),
(1902, '6847', 'Cootel', 1),
(1903, '6848', 'Cootel', 1),
(1904, '6849', 'Cootel', 1),
(1905, '6850', 'Cootel', 1),
(1906, '6851', 'Cootel', 1),
(1907, '6852', 'Cootel', 1),
(1908, '6853', 'Cootel', 1),
(1909, '6854', 'Cootel', 1),
(1910, '6855', 'Cootel', 1),
(1911, '6856', 'Cootel', 1),
(1912, '6857', 'Cootel', 1),
(1913, '6858', 'Cootel', 1),
(1914, '6859', 'Cootel', 1),
(1915, '6860', 'Cootel', 1),
(1916, '6861', 'Cootel', 1),
(1917, '6862', 'Cootel', 1),
(1918, '6863', 'Cootel', 1),
(1919, '6864', 'Cootel', 1),
(1920, '6865', 'Cootel', 1),
(1921, '6866', 'Cootel', 1),
(1922, '6867', 'Cootel', 1),
(1923, '6868', 'Cootel', 1),
(1924, '6869', 'Cootel', 1),
(1925, '6870', 'Cootel', 1),
(1926, '6871', 'Cootel', 1),
(1927, '6872', 'Cootel', 1),
(1928, '6873', 'Cootel', 1),
(1929, '6874', 'Cootel', 1),
(1930, '6875', 'Cootel', 1),
(1931, '6876', 'Cootel', 1),
(1932, '6877', 'Cootel', 1),
(1933, '6878', 'Cootel', 1),
(1934, '6879', 'Cootel', 1),
(1935, '6880', 'Cootel', 1),
(1936, '6881', 'Cootel', 1),
(1937, '6882', 'Cootel', 1),
(1938, '6883', 'Cootel', 1),
(1939, '6884', 'Cootel', 1),
(1940, '6885', 'Cootel', 1),
(1941, '6886', 'Cootel', 1),
(1942, '6887', 'Cootel', 1),
(1943, '6888', 'Cootel', 1),
(1944, '6889', 'Cootel', 1),
(1945, '6890', 'Cootel', 1),
(1946, '6891', 'Cootel', 1),
(1947, '6892', 'Cootel', 1),
(1948, '6893', 'Cootel', 1),
(1949, '6894', 'Cootel', 1),
(1950, '6895', 'Cootel', 1),
(1951, '6896', 'Cootel', 1),
(1952, '6897', 'Cootel', 1),
(1953, '6898', 'Cootel', 1),
(1954, '6899', 'Cootel', 1),
(1955, '6900', 'Cootel', 1),
(1956, '6901', 'Cootel', 1),
(1957, '6902', 'Cootel', 1),
(1958, '6903', 'Cootel', 1),
(1959, '6904', 'Cootel', 1),
(1960, '6905', 'Cootel', 1),
(1961, '6906', 'Cootel', 1),
(1962, '6907', 'Cootel', 1),
(1963, '6908', 'Cootel', 1),
(1964, '6909', 'Cootel', 1),
(1965, '6950', 'Cootel', 1),
(1966, '6951', 'Cootel', 1),
(1967, '6952', 'Cootel', 1),
(1968, '6953', 'Cootel', 1),
(1969, '6954', 'Cootel', 1),
(1970, '6955', 'Cootel', 1),
(1971, '6956', 'Cootel', 1),
(1972, '6957', 'Cootel', 1),
(1973, '6958', 'Cootel', 1),
(1974, '6959', 'Cootel', 1),
(1975, '6990', 'Cootel', 1),
(1976, '6991', 'Cootel', 1),
(1977, '6992', 'Cootel', 1),
(1978, '6993', 'Cootel', 1),
(1979, '6994', 'Cootel', 1),
(1980, '6995', 'Cootel', 1),
(1981, '6996', 'Cootel', 1),
(1982, '6997', 'Cootel', 1);
INSERT INTO `prefijos` (`id_prefijo`, `prefijo`, `operador`, `activo_p`) VALUES
(1983, '6998', 'Cootel', 1),
(1984, '6999', 'Cootel', 1),
(1985, '2220', 'Convencional', 1),
(1986, '2222', 'Convencional', 1),
(1987, '2228', 'Convencional', 1),
(1988, '2233', 'Convencional', 1),
(1989, '2240', 'Convencional', 1),
(1990, '2244', 'Convencional', 1),
(1991, '2248', 'Convencional', 1),
(1992, '2249', 'Convencional', 1),
(1993, '2250', 'Convencional', 1),
(1994, '2251', 'Convencional', 1),
(1995, '2252', 'Convencional', 1),
(1996, '2253', 'Convencional', 1),
(1997, '2254', 'Convencional', 1),
(1998, '2255', 'Convencional', 1),
(1999, '2256', 'Convencional', 1),
(2000, '2257', 'Convencional', 1),
(2001, '2258', 'Convencional', 1),
(2002, '2259', 'Convencional', 1),
(2003, '2260', 'Convencional', 1),
(2004, '2263', 'Convencional', 1),
(2005, '2264', 'Convencional', 1),
(2006, '2265', 'Convencional', 1),
(2007, '2266', 'Convencional', 1),
(2008, '2267', 'Convencional', 1),
(2009, '2268', 'Convencional', 1),
(2010, '2269', 'Convencional', 1),
(2011, '2270', 'Convencional', 1),
(2012, '2271', 'Convencional', 1),
(2013, '2274', 'Convencional', 1),
(2014, '2276', 'Convencional', 1),
(2015, '2277', 'Convencional', 1),
(2016, '2278', 'Convencional', 1),
(2017, '2279', 'Convencional', 1),
(2018, '2280', 'Convencional', 1),
(2019, '2289', 'Convencional', 1),
(2020, '2291', 'Convencional', 1),
(2021, '2293', 'Convencional', 1),
(2022, '2295', 'Convencional', 1),
(2023, '2310', 'Convencional', 1),
(2024, '2311', 'Convencional', 1),
(2025, '2312', 'Convencional', 1),
(2026, '2313', 'Convencional', 1),
(2027, '2314', 'Convencional', 1),
(2028, '2315', 'Convencional', 1),
(2029, '2316', 'Convencional', 1),
(2030, '2317', 'Convencional', 1),
(2031, '2318', 'Convencional', 1),
(2032, '2319', 'Convencional', 1),
(2033, '2340', 'Convencional', 1),
(2034, '2341', 'Convencional', 1),
(2035, '2342', 'Convencional', 1),
(2036, '2343', 'Convencional', 1),
(2037, '2344', 'Convencional', 1),
(2038, '2346', 'Convencional', 1),
(2039, '2350', 'Convencional', 1),
(2040, '2510', 'Convencional', 1),
(2041, '2512', 'Convencional', 1),
(2042, '2513', 'Convencional', 1),
(2043, '2514', 'Convencional', 1),
(2044, '2515', 'Convencional', 1),
(2045, '2516', 'Convencional', 1),
(2046, '2517', 'Convencional', 1),
(2047, '2518', 'Convencional', 1),
(2048, '2519', 'Convencional', 1),
(2049, '2520', 'Convencional', 1),
(2050, '2522', 'Convencional', 1),
(2051, '2523', 'Convencional', 1),
(2052, '2528', 'Convencional', 1),
(2053, '2530', 'Convencional', 1),
(2054, '2532', 'Convencional', 1),
(2055, '2533', 'Convencional', 1),
(2056, '2534', 'Convencional', 1),
(2057, '2535', 'Convencional', 1),
(2058, '2540', 'Convencional', 1),
(2059, '2542', 'Convencional', 1),
(2060, '2543', 'Convencional', 1),
(2061, '2549', 'Convencional', 1),
(2062, '2550', 'Convencional', 1),
(2063, '2552', 'Convencional', 1),
(2064, '2557', 'Convencional', 1),
(2065, '2558', 'Convencional', 1),
(2066, '2560', 'Convencional', 1),
(2067, '2561', 'Convencional', 1),
(2068, '2562', 'Convencional', 1),
(2069, '2563', 'Convencional', 1),
(2070, '2565', 'Convencional', 1),
(2071, '2568', 'Convencional', 1),
(2072, '2569', 'Convencional', 1),
(2073, '2570', 'Convencional', 1),
(2074, '2572', 'Convencional', 1),
(2075, '2574', 'Convencional', 1),
(2076, '2575', 'Convencional', 1),
(2077, '2577', 'Convencional', 1),
(2078, '2580', 'Convencional', 1),
(2079, '2583', 'Convencional', 1),
(2080, '2584', 'Convencional', 1),
(2081, '2710', 'Convencional', 1),
(2082, '2712', 'Convencional', 1),
(2083, '2713', 'Convencional', 1),
(2084, '2714', 'Convencional', 1),
(2085, '2715', 'Convencional', 1),
(2086, '2716', 'Convencional', 1),
(2087, '2719', 'Convencional', 1),
(2088, '2720', 'Convencional', 1),
(2089, '2722', 'Convencional', 1),
(2090, '2723', 'Convencional', 1),
(2091, '2730', 'Convencional', 1),
(2092, '2732', 'Convencional', 1),
(2093, '2735', 'Convencional', 1),
(2094, '2737', 'Convencional', 1),
(2095, '2770', 'Convencional', 1),
(2096, '2772', 'Convencional', 1),
(2097, '2773', 'Convencional', 1),
(2098, '2774', 'Convencional', 1),
(2099, '2775', 'Convencional', 1),
(2100, '2776', 'Convencional', 1),
(2101, '2777', 'Convencional', 1),
(2102, '2778', 'Convencional', 1),
(2103, '2779', 'Convencional', 1),
(2104, '2780', 'Convencional', 1),
(2105, '2782', 'Convencional', 1),
(2106, '2783', 'Convencional', 1),
(2107, '2784', 'Convencional', 1),
(2108, '2785', 'Convencional', 1),
(2109, '2790', 'Convencional', 1),
(2110, '2792', 'Convencional', 1),
(2111, '2793', 'Convencional', 1),
(2112, '2794', 'Convencional', 1),
(2113, '2229', 'Convencional', 1),
(2114, '2225-0', 'Convencional', 1),
(2115, '2225-1', 'Convencional', 1),
(2116, '2225-2', 'Convencional', 1),
(2117, '2225-3', 'Convencional', 1),
(2118, '2225-4', 'Convencional', 1),
(2119, '2228-1', 'Convencional', 1),
(2120, '2223', 'Convencional', 1),
(2121, '2227', 'Convencional', 1),
(2122, '2783-0', 'Convencional', 1),
(2123, '2225-5', 'Convencional', 1),
(2124, '2225-6', 'Convencional', 1),
(2125, '2225-7', 'Convencional', 1),
(2126, '2225-8', 'Convencional', 1),
(2127, '2225-9', 'Convencional', 1),
(2128, '2230-5', 'Convencional', 1),
(2129, '2230-6', 'Convencional', 1),
(2130, '2230-7', 'Convencional', 1),
(2131, '2230-8', 'Convencional', 1),
(2132, '2230-9', 'Convencional', 1);

-- --------------------------------------------------------

--
-- Table structure for table `tbla_book_cargo`
--

CREATE TABLE `tbla_book_cargo` (
  `id_cargo` int(11) NOT NULL,
  `nombre_cargo` varchar(200) NOT NULL,
  `activo_cargo` int(11) NOT NULL,
  `fecha_r` date NOT NULL
) ENGINE=InnoDB DEFAULT CHARSET=utf8 COLLATE=utf8_unicode_ci;

-- --------------------------------------------------------

--
-- Table structure for table `tbla_book_oficina`
--

CREATE TABLE `tbla_book_oficina` (
  `id_oficina` int(11) NOT NULL,
  `nombre_oficina` varchar(200) NOT NULL,
  `activo_oficina` int(11) NOT NULL,
  `fecha_r` date NOT NULL
) ENGINE=InnoDB DEFAULT CHARSET=utf8 COLLATE=utf8_unicode_ci;

-- --------------------------------------------------------

--
-- Table structure for table `tbla_book_phonebook`
--

CREATE TABLE `tbla_book_phonebook` (
  `id_phonebook` int(11) NOT NULL,
  `first_name` varchar(200) NOT NULL,
  `last_name` varchar(200) NOT NULL,
  `phone_number` varchar(30) NOT NULL,
  `account_index` int(11) NOT NULL,
  `type` varchar(50) NOT NULL,
  `id_cargo` int(11) NOT NULL,
  `id_oficina` int(11) NOT NULL,
  `activo_p` int(11) NOT NULL,
  `fecha_r_p` date NOT NULL,
  `genero` varchar(20) NOT NULL
) ENGINE=InnoDB DEFAULT CHARSET=utf8 COLLATE=utf8_unicode_ci;

-- --------------------------------------------------------

--
-- Table structure for table `tbla_book_tipo_extencion`
--

CREATE TABLE `tbla_book_tipo_extencion` (
  `id_tipo_ex` int(11) NOT NULL,
  `nombre_ex` varchar(200) NOT NULL,
  `activo_ex` int(11) NOT NULL,
  `fecha_r` date NOT NULL
) ENGINE=InnoDB DEFAULT CHARSET=utf8 COLLATE=utf8_unicode_ci;

-- --------------------------------------------------------

--
-- Table structure for table `tbla_extensiones`
--

CREATE TABLE `tbla_extensiones` (
  `id_extension` int(11) NOT NULL,
  `extension` varchar(250) NOT NULL,
  `tipo_extension` varchar(250) NOT NULL,
  `callerid` varchar(250) NOT NULL,
  `auth` varchar(250) NOT NULL,
  `aors` varchar(250) NOT NULL,
  `mailboxes` varchar(250) NOT NULL,
  `voicemail_extension` varchar(250) NOT NULL,
  `transport` varchar(250) NOT NULL,
  `media_encryption` varchar(250) NOT NULL,
  `media_encryption_optimistic` varchar(250) NOT NULL,
  `password` varchar(250) NOT NULL,
  `username` varchar(250) NOT NULL,
  `voicemail_extension2` varchar(250) NOT NULL
) ENGINE=InnoDB DEFAULT CHARSET=utf8mb4 COLLATE=utf8mb4_general_ci;

--
-- Dumping data for table `tbla_extensiones`
--

INSERT INTO `tbla_extensiones` (`id_extension`, `extension`, `tipo_extension`, `callerid`, `auth`, `aors`, `mailboxes`, `voicemail_extension`, `transport`, `media_encryption`, `media_encryption_optimistic`, `password`, `username`, `voicemail_extension2`) VALUES
(1, '1000', 'endpoint-basic', '<1000>', 'auth1000', '1000', '1000@default', '1000', 'udp-transport', '', '', 'ePCLk3reao8O', 'tyBpkQY5', '1000'),
(2, '1001', 'endpoint-basic', '<1001>', 'auth1001', '1001', '1001@default', '1001', 'tls-transport', 'sdes', 'yes', 'Sw6Nmb4iDfAD', 'JCg4n4ns', '1001'),
(3, '1002', 'endpoint-basic', '<1002>', 'auth1002', '1002', '1002@default', '1002', 'udp-transport', '', '', 'RCFUflPY6abH', 'rWtZcQWw', '1002'),
(4, '1003', 'endpoint-basic', '<1003>', 'auth1003', '1003', '1003@default', '1003', 'tls-transport', 'sdes', 'yes', 'Y0DV5MrAqQy8', 'mztKSsIZ', '1003'),
(5, '1004', 'endpoint-basic', '<1004>', 'auth1004', '1004', '1004@default', '1004', 'udp-transport', '', '', 'RURD84KQ9JZ1', 'jaKZT7Cn', '1004'),
(6, '1005', 'endpoint-basic', '<1005>', 'auth1005', '1005', '1005@default', '1005', 'tls-transport', 'sdes', 'yes', 'ko76BaaDHUMA', 'sSvsdJYP', '1005');

-- --------------------------------------------------------

--
-- Table structure for table `usuario`
--

CREATE TABLE `usuario` (
  `id_usuario` int(11) NOT NULL,
  `nombre_u` varchar(255) NOT NULL,
  `apellido_u` varchar(255) NOT NULL,
  `email_u` varchar(255) NOT NULL,
  `telefono` varchar(50) NOT NULL,
  `contrasena` varchar(255) NOT NULL,
  `tipo_u` int(11) NOT NULL,
  `activo_u` int(11) NOT NULL,
  `fecha_r` date NOT NULL
) ENGINE=InnoDB DEFAULT CHARSET=utf8 COLLATE=utf8_unicode_ci;

--
-- Dumping data for table `usuario`
--

INSERT INTO `usuario` (`id_usuario`, `nombre_u`, `apellido_u`, `email_u`, `telefono`, `contrasena`, `tipo_u`, `activo_u`, `fecha_r`) VALUES
(1, 'admin', 'admin', 'admin@hotmail.es', '88776655', '$2y$12$P/dlpQfYVEhZeP7jE9IEauGb3/mCI2tzA8y./Gz9R3r/p56bxBK.i', 1, 1, '2025-04-14');

-- --------------------------------------------------------

--
-- Table structure for table `xmpp_config`
--

CREATE TABLE `xmpp_config` (
  `id` int(10) UNSIGNED NOT NULL,
  `api_url` varchar(255) NOT NULL,
  `api_user` varchar(150) NOT NULL,
  `api_password` text NOT NULL,
  `xmpp_host` varchar(150) NOT NULL,
  `ssl_verify` tinyint(1) NOT NULL DEFAULT 1,
  `ultimo_estado` varchar(30) DEFAULT NULL,
  `fecha_creacion` datetime NOT NULL DEFAULT current_timestamp(),
  `fecha_actualizacion` datetime NOT NULL DEFAULT current_timestamp() ON UPDATE current_timestamp()
) ENGINE=InnoDB DEFAULT CHARSET=utf8 COLLATE=utf8_general_ci;

--
-- Dumping data for table `xmpp_config`
--

INSERT INTO `xmpp_config` (`id`, `api_url`, `api_user`, `api_password`, `xmpp_host`, `ssl_verify`, `ultimo_estado`, `fecha_creacion`, `fecha_actualizacion`) VALUES
(1, 'https://xmpp.netsoluciones.com:5280', 'admin@netsoluciones.com', 'MzFybFZFamFUaGlz', 'netsoluciones.com', 0, 'exito', '2026-04-16 12:02:10', '2026-04-22 11:23:48');

-- --------------------------------------------------------

--
-- Table structure for table `xmpp_logs`
--

CREATE TABLE `xmpp_logs` (
  `id` int(10) UNSIGNED NOT NULL,
  `modulo` varchar(80) NOT NULL DEFAULT 'xmpp',
  `accion` varchar(120) NOT NULL,
  `request_data` mediumtext DEFAULT NULL,
  `response_data` mediumtext DEFAULT NULL,
  `estado` varchar(30) NOT NULL,
  `mensaje` text DEFAULT NULL,
  `fecha` datetime NOT NULL DEFAULT current_timestamp()
) ENGINE=InnoDB DEFAULT CHARSET=utf8 COLLATE=utf8_general_ci;

--
-- Indexes for dumped tables
--

--
-- Indexes for table `audios_llamadas`
--
ALTER TABLE `audios_llamadas`
  ADD PRIMARY KEY (`id_audio`);

--
-- Indexes for table `bitacora`
--
ALTER TABLE `bitacora`
  ADD PRIMARY KEY (`id`);

--
-- Indexes for table `bloqueo_ataques`
--
ALTER TABLE `bloqueo_ataques`
  ADD PRIMARY KEY (`id_bloqueo`);

--
-- Indexes for table `bloqueo_pais`
--
ALTER TABLE `bloqueo_pais`
  ADD PRIMARY KEY (`id_bloqueo_pais`);

--
-- Indexes for table `cdr`
--
ALTER TABLE `cdr`
  ADD PRIMARY KEY (`id`),
  ADD KEY `callerid` (`clid`);

--
-- Indexes for table `cdr_espejo`
--
ALTER TABLE `cdr_espejo`
  ADD PRIMARY KEY (`id_cdr_espejo`);

--
-- Indexes for table `codigo_prefijo`
--
ALTER TABLE `codigo_prefijo`
  ADD PRIMARY KEY (`id_prefijo`);

--
-- Indexes for table `costo`
--
ALTER TABLE `costo`
  ADD PRIMARY KEY (`id_costo`);

--
-- Indexes for table `detalle_mensaje`
--
ALTER TABLE `detalle_mensaje`
  ADD PRIMARY KEY (`id_detalle_mensaje`);

--
-- Indexes for table `estadistica_llamadas`
--
ALTER TABLE `estadistica_llamadas`
  ADD PRIMARY KEY (`id_estadistica`);

--
-- Indexes for table `grafica_bloqueo`
--
ALTER TABLE `grafica_bloqueo`
  ADD PRIMARY KEY (`id_grafica_bloqueo`);

--
-- Indexes for table `grafica_principal`
--
ALTER TABLE `grafica_principal`
  ADD PRIMARY KEY (`id_grafica`);

--
-- Indexes for table `lista_extencion`
--
ALTER TABLE `lista_extencion`
  ADD PRIMARY KEY (`id_extencion`);

--
-- Indexes for table `mensaje`
--
ALTER TABLE `mensaje`
  ADD PRIMARY KEY (`id_mensaje`);

--
-- Indexes for table `opcion_audio`
--
ALTER TABLE `opcion_audio`
  ADD PRIMARY KEY (`id_opcion`);

--
-- Indexes for table `paises`
--
ALTER TABLE `paises`
  ADD PRIMARY KEY (`id_pais`);

--
-- Indexes for table `prefijos`
--
ALTER TABLE `prefijos`
  ADD PRIMARY KEY (`id_prefijo`);

--
-- Indexes for table `tbla_book_cargo`
--
ALTER TABLE `tbla_book_cargo`
  ADD PRIMARY KEY (`id_cargo`);

--
-- Indexes for table `tbla_book_oficina`
--
ALTER TABLE `tbla_book_oficina`
  ADD PRIMARY KEY (`id_oficina`);

--
-- Indexes for table `tbla_book_phonebook`
--
ALTER TABLE `tbla_book_phonebook`
  ADD PRIMARY KEY (`id_phonebook`);

--
-- Indexes for table `tbla_book_tipo_extencion`
--
ALTER TABLE `tbla_book_tipo_extencion`
  ADD PRIMARY KEY (`id_tipo_ex`);

--
-- Indexes for table `tbla_extensiones`
--
ALTER TABLE `tbla_extensiones`
  ADD PRIMARY KEY (`id_extension`);

--
-- Indexes for table `usuario`
--
ALTER TABLE `usuario`
  ADD PRIMARY KEY (`id_usuario`);

--
-- Indexes for table `xmpp_config`
--
ALTER TABLE `xmpp_config`
  ADD PRIMARY KEY (`id`);

--
-- Indexes for table `xmpp_logs`
--
ALTER TABLE `xmpp_logs`
  ADD PRIMARY KEY (`id`),
  ADD KEY `idx_xmpp_logs_fecha` (`fecha`),
  ADD KEY `idx_xmpp_logs_accion` (`accion`),
  ADD KEY `idx_xmpp_logs_estado` (`estado`);

--
-- AUTO_INCREMENT for dumped tables
--

--
-- AUTO_INCREMENT for table `audios_llamadas`
--
ALTER TABLE `audios_llamadas`
  MODIFY `id_audio` int(11) NOT NULL AUTO_INCREMENT;

--
-- AUTO_INCREMENT for table `bitacora`
--
ALTER TABLE `bitacora`
  MODIFY `id` int(11) NOT NULL AUTO_INCREMENT;

--
-- AUTO_INCREMENT for table `bloqueo_ataques`
--
ALTER TABLE `bloqueo_ataques`
  MODIFY `id_bloqueo` int(11) NOT NULL AUTO_INCREMENT;

--
-- AUTO_INCREMENT for table `bloqueo_pais`
--
ALTER TABLE `bloqueo_pais`
  MODIFY `id_bloqueo_pais` int(11) NOT NULL AUTO_INCREMENT, AUTO_INCREMENT=242;

--
-- AUTO_INCREMENT for table `cdr`
--
ALTER TABLE `cdr`
  MODIFY `id` bigint(20) NOT NULL AUTO_INCREMENT;

--
-- AUTO_INCREMENT for table `cdr_espejo`
--
ALTER TABLE `cdr_espejo`
  MODIFY `id_cdr_espejo` int(11) UNSIGNED NOT NULL AUTO_INCREMENT;

--
-- AUTO_INCREMENT for table `codigo_prefijo`
--
ALTER TABLE `codigo_prefijo`
  MODIFY `id_prefijo` int(11) NOT NULL AUTO_INCREMENT, AUTO_INCREMENT=429;

--
-- AUTO_INCREMENT for table `costo`
--
ALTER TABLE `costo`
  MODIFY `id_costo` int(11) NOT NULL AUTO_INCREMENT, AUTO_INCREMENT=7;

--
-- AUTO_INCREMENT for table `detalle_mensaje`
--
ALTER TABLE `detalle_mensaje`
  MODIFY `id_detalle_mensaje` int(11) NOT NULL AUTO_INCREMENT;

--
-- AUTO_INCREMENT for table `estadistica_llamadas`
--
ALTER TABLE `estadistica_llamadas`
  MODIFY `id_estadistica` int(11) NOT NULL AUTO_INCREMENT, AUTO_INCREMENT=2;

--
-- AUTO_INCREMENT for table `grafica_bloqueo`
--
ALTER TABLE `grafica_bloqueo`
  MODIFY `id_grafica_bloqueo` int(11) NOT NULL AUTO_INCREMENT;

--
-- AUTO_INCREMENT for table `grafica_principal`
--
ALTER TABLE `grafica_principal`
  MODIFY `id_grafica` int(11) NOT NULL AUTO_INCREMENT;

--
-- AUTO_INCREMENT for table `lista_extencion`
--
ALTER TABLE `lista_extencion`
  MODIFY `id_extencion` int(11) NOT NULL AUTO_INCREMENT, AUTO_INCREMENT=4;

--
-- AUTO_INCREMENT for table `mensaje`
--
ALTER TABLE `mensaje`
  MODIFY `id_mensaje` int(11) NOT NULL AUTO_INCREMENT;

--
-- AUTO_INCREMENT for table `opcion_audio`
--
ALTER TABLE `opcion_audio`
  MODIFY `id_opcion` int(11) NOT NULL AUTO_INCREMENT, AUTO_INCREMENT=2;

--
-- AUTO_INCREMENT for table `paises`
--
ALTER TABLE `paises`
  MODIFY `id_pais` int(11) NOT NULL AUTO_INCREMENT, AUTO_INCREMENT=242;

--
-- AUTO_INCREMENT for table `prefijos`
--
ALTER TABLE `prefijos`
  MODIFY `id_prefijo` int(11) NOT NULL AUTO_INCREMENT, AUTO_INCREMENT=2133;

--
-- AUTO_INCREMENT for table `tbla_book_cargo`
--
ALTER TABLE `tbla_book_cargo`
  MODIFY `id_cargo` int(11) NOT NULL AUTO_INCREMENT;

--
-- AUTO_INCREMENT for table `tbla_book_oficina`
--
ALTER TABLE `tbla_book_oficina`
  MODIFY `id_oficina` int(11) NOT NULL AUTO_INCREMENT;

--
-- AUTO_INCREMENT for table `tbla_book_phonebook`
--
ALTER TABLE `tbla_book_phonebook`
  MODIFY `id_phonebook` int(11) NOT NULL AUTO_INCREMENT;

--
-- AUTO_INCREMENT for table `tbla_book_tipo_extencion`
--
ALTER TABLE `tbla_book_tipo_extencion`
  MODIFY `id_tipo_ex` int(11) NOT NULL AUTO_INCREMENT;

--
-- AUTO_INCREMENT for table `tbla_extensiones`
--
ALTER TABLE `tbla_extensiones`
  MODIFY `id_extension` int(11) NOT NULL AUTO_INCREMENT, AUTO_INCREMENT=7;

--
-- AUTO_INCREMENT for table `usuario`
--
ALTER TABLE `usuario`
  MODIFY `id_usuario` int(11) NOT NULL AUTO_INCREMENT, AUTO_INCREMENT=3;

--
-- AUTO_INCREMENT for table `xmpp_logs`
--
ALTER TABLE `xmpp_logs`
  MODIFY `id` int(10) UNSIGNED NOT NULL AUTO_INCREMENT;
COMMIT;

/*!40101 SET CHARACTER_SET_CLIENT=@OLD_CHARACTER_SET_CLIENT */;
/*!40101 SET CHARACTER_SET_RESULTS=@OLD_CHARACTER_SET_RESULTS */;
/*!40101 SET COLLATION_CONNECTION=@OLD_COLLATION_CONNECTION */;
